ID,window,forward_repeat_number,reverse_repeat_number,telomeric_repeat
SUPER_1,100000,67,674,TTAGG
SUPER_1,200000,63,64,TTAGG
SUPER_1,300000,89,89,TTAGG
SUPER_1,400000,69,73,TTAGG
SUPER_1,500000,66,93,TTAGG
SUPER_1,600000,89,79,TTAGG
SUPER_1,700000,90,80,TTAGG
SUPER_1,800000,91,84,TTAGG
SUPER_1,900000,76,62,TTAGG
SUPER_1,1000000,87,63,TTAGG
SUPER_1,1100000,58,82,TTAGG
SUPER_1,1200000,77,82,TTAGG
SUPER_1,1300000,90,79,TTAGG
SUPER_1,1400000,74,92,TTAGG
SUPER_1,1500000,68,77,TTAGG
SUPER_1,1600000,60,80,TTAGG
SUPER_1,1700000,94,94,TTAGG
SUPER_1,1800000,84,82,TTAGG
SUPER_1,1900000,75,60,TTAGG
SUPER_1,2000000,75,71,TTAGG
SUPER_1,2100000,75,66,TTAGG
SUPER_1,2200000,68,78,TTAGG
SUPER_1,2300000,70,85,TTAGG
SUPER_1,2400000,72,86,TTAGG
SUPER_1,2500000,67,81,TTAGG
SUPER_1,2600000,80,87,TTAGG
SUPER_1,2700000,79,81,TTAGG
SUPER_1,2800000,96,73,TTAGG
SUPER_1,2900000,78,91,TTAGG
SUPER_1,3000000,82,76,TTAGG
SUPER_1,3100000,87,98,TTAGG
SUPER_1,3200000,93,68,TTAGG
SUPER_1,3300000,59,75,TTAGG
SUPER_1,3400000,81,72,TTAGG
SUPER_1,3500000,74,86,TTAGG
SUPER_1,3600000,93,68,TTAGG
SUPER_1,3700000,74,67,TTAGG
SUPER_1,3800000,75,73,TTAGG
SUPER_1,3900000,77,83,TTAGG
SUPER_1,4000000,94,89,TTAGG
SUPER_1,4100000,69,67,TTAGG
SUPER_1,4200000,66,91,TTAGG
SUPER_1,4300000,83,88,TTAGG
SUPER_1,4400000,79,90,TTAGG
SUPER_1,4500000,90,81,TTAGG
SUPER_1,4600000,77,75,TTAGG
SUPER_1,4700000,67,72,TTAGG
SUPER_1,4800000,85,83,TTAGG
SUPER_1,4900000,78,65,TTAGG
SUPER_1,5000000,66,80,TTAGG
SUPER_1,5100000,63,86,TTAGG
SUPER_1,5200000,93,91,TTAGG
SUPER_1,5300000,84,86,TTAGG
SUPER_1,5400000,92,83,TTAGG
SUPER_1,5500000,80,81,TTAGG
SUPER_1,5600000,84,98,TTAGG
SUPER_1,5700000,95,85,TTAGG
SUPER_1,5800000,65,75,TTAGG
SUPER_1,5900000,67,71,TTAGG
SUPER_1,6000000,83,92,TTAGG
SUPER_1,6100000,116,101,TTAGG
SUPER_1,6200000,93,68,TTAGG
SUPER_1,6300000,85,79,TTAGG
SUPER_1,6400000,92,77,TTAGG
SUPER_1,6500000,79,74,TTAGG
SUPER_1,6600000,79,73,TTAGG
SUPER_1,6700000,84,90,TTAGG
SUPER_1,6800000,85,79,TTAGG
SUPER_1,6900000,85,88,TTAGG
SUPER_1,7000000,77,76,TTAGG
SUPER_1,7100000,79,88,TTAGG
SUPER_1,7200000,83,66,TTAGG
SUPER_1,7300000,79,74,TTAGG
SUPER_1,7400000,75,80,TTAGG
SUPER_1,7500000,82,82,TTAGG
SUPER_1,7600000,83,76,TTAGG
SUPER_1,7700000,92,82,TTAGG
SUPER_1,7800000,91,66,TTAGG
SUPER_1,7900000,92,90,TTAGG
SUPER_1,8000000,81,74,TTAGG
SUPER_1,8100000,88,82,TTAGG
SUPER_1,8200000,95,103,TTAGG
SUPER_1,8300000,82,73,TTAGG
SUPER_1,8400000,77,66,TTAGG
SUPER_1,8500000,79,74,TTAGG
SUPER_1,8600000,89,90,TTAGG
SUPER_1,8700000,92,67,TTAGG
SUPER_1,8800000,73,86,TTAGG
SUPER_1,8900000,78,68,TTAGG
SUPER_1,9000000,68,78,TTAGG
SUPER_1,9100000,89,98,TTAGG
SUPER_1,9200000,88,78,TTAGG
SUPER_1,9300000,80,86,TTAGG
SUPER_1,9400000,99,87,TTAGG
SUPER_1,9500000,89,88,TTAGG
SUPER_1,9600000,105,98,TTAGG
SUPER_1,9700000,82,85,TTAGG
SUPER_1,9800000,94,80,TTAGG
SUPER_1,9900000,73,85,TTAGG
SUPER_1,10000000,80,74,TTAGG
SUPER_1,10100000,69,75,TTAGG
SUPER_1,10200000,83,79,TTAGG
SUPER_1,10300000,94,80,TTAGG
SUPER_1,10400000,97,86,TTAGG
SUPER_1,10500000,78,98,TTAGG
SUPER_1,10600000,81,86,TTAGG
SUPER_1,10700000,81,83,TTAGG
SUPER_1,10800000,87,97,TTAGG
SUPER_1,10900000,92,75,TTAGG
SUPER_1,11000000,95,73,TTAGG
SUPER_1,11100000,65,89,TTAGG
SUPER_1,11200000,87,100,TTAGG
SUPER_1,11300000,57,84,TTAGG
SUPER_1,11400000,83,74,TTAGG
SUPER_1,11500000,78,75,TTAGG
SUPER_1,11600000,64,87,TTAGG
SUPER_1,11700000,84,101,TTAGG
SUPER_1,11800000,83,99,TTAGG
SUPER_1,11900000,77,82,TTAGG
SUPER_1,12000000,66,63,TTAGG
SUPER_1,12100000,73,95,TTAGG
SUPER_1,12200000,82,80,TTAGG
SUPER_1,12300000,75,94,TTAGG
SUPER_1,12400000,81,82,TTAGG
SUPER_1,12500000,78,78,TTAGG
SUPER_1,12600000,86,95,TTAGG
SUPER_1,12700000,78,79,TTAGG
SUPER_1,12800000,65,68,TTAGG
SUPER_1,12900000,62,78,TTAGG
SUPER_1,13000000,4658,22,TTAGG
SUPER_Z,100000,81,283,TTAGG
SUPER_Z,200000,60,49,TTAGG
SUPER_Z,300000,68,75,TTAGG
SUPER_Z,400000,97,55,TTAGG
SUPER_Z,500000,84,84,TTAGG
SUPER_Z,600000,90,87,TTAGG
SUPER_Z,700000,95,75,TTAGG
SUPER_Z,800000,76,90,TTAGG
SUPER_Z,900000,96,79,TTAGG
SUPER_Z,1000000,89,89,TTAGG
SUPER_Z,1100000,89,75,TTAGG
SUPER_Z,1200000,78,75,TTAGG
SUPER_Z,1300000,94,70,TTAGG
SUPER_Z,1400000,67,79,TTAGG
SUPER_Z,1500000,89,74,TTAGG
SUPER_Z,1600000,88,83,TTAGG
SUPER_Z,1700000,79,79,TTAGG
SUPER_Z,1800000,85,90,TTAGG
SUPER_Z,1900000,96,99,TTAGG
SUPER_Z,2000000,78,86,TTAGG
SUPER_Z,2100000,77,74,TTAGG
SUPER_Z,2200000,74,77,TTAGG
SUPER_Z,2300000,80,82,TTAGG
SUPER_Z,2400000,75,67,TTAGG
SUPER_Z,2500000,96,89,TTAGG
SUPER_Z,2600000,87,63,TTAGG
SUPER_Z,2700000,77,80,TTAGG
SUPER_Z,2800000,68,72,TTAGG
SUPER_Z,2900000,89,77,TTAGG
SUPER_Z,3000000,74,81,TTAGG
SUPER_Z,3100000,84,88,TTAGG
SUPER_Z,3200000,75,77,TTAGG
SUPER_Z,3300000,93,74,TTAGG
SUPER_Z,3400000,86,76,TTAGG
SUPER_Z,3500000,81,92,TTAGG
SUPER_Z,3600000,81,67,TTAGG
SUPER_Z,3700000,78,70,TTAGG
SUPER_Z,3800000,66,82,TTAGG
SUPER_Z,3900000,91,81,TTAGG
SUPER_Z,4000000,81,92,TTAGG
SUPER_Z,4100000,92,66,TTAGG
SUPER_Z,4200000,80,95,TTAGG
SUPER_Z,4300000,76,83,TTAGG
SUPER_Z,4400000,89,71,TTAGG
SUPER_Z,4500000,82,69,TTAGG
SUPER_Z,4600000,86,77,TTAGG
SUPER_Z,4700000,84,90,TTAGG
SUPER_Z,4800000,86,87,TTAGG
SUPER_Z,4900000,85,75,TTAGG
SUPER_Z,5000000,80,93,TTAGG
SUPER_Z,5100000,79,82,TTAGG
SUPER_Z,5200000,95,69,TTAGG
SUPER_Z,5300000,66,84,TTAGG
SUPER_Z,5400000,105,95,TTAGG
SUPER_Z,5500000,81,83,TTAGG
SUPER_Z,5600000,84,82,TTAGG
SUPER_Z,5700000,81,96,TTAGG
SUPER_Z,5800000,97,82,TTAGG
SUPER_Z,5900000,77,73,TTAGG
SUPER_Z,6000000,77,82,TTAGG
SUPER_Z,6100000,81,87,TTAGG
SUPER_Z,6200000,84,70,TTAGG
SUPER_Z,6300000,72,97,TTAGG
SUPER_Z,6400000,70,72,TTAGG
SUPER_Z,6500000,86,81,TTAGG
SUPER_Z,6600000,76,84,TTAGG
SUPER_Z,6700000,89,75,TTAGG
SUPER_Z,6800000,75,96,TTAGG
SUPER_Z,6900000,82,83,TTAGG
SUPER_Z,7000000,81,86,TTAGG
SUPER_Z,7100000,97,79,TTAGG
SUPER_Z,7200000,71,79,TTAGG
SUPER_Z,7300000,79,86,TTAGG
SUPER_Z,7400000,78,85,TTAGG
SUPER_Z,7500000,67,78,TTAGG
SUPER_Z,7600000,98,83,TTAGG
SUPER_Z,7700000,90,72,TTAGG
SUPER_Z,7800000,83,72,TTAGG
SUPER_Z,7900000,76,69,TTAGG
SUPER_Z,8000000,89,97,TTAGG
SUPER_Z,8100000,77,72,TTAGG
SUPER_Z,8200000,90,87,TTAGG
SUPER_Z,8300000,69,77,TTAGG
SUPER_Z,8400000,96,83,TTAGG
SUPER_Z,8500000,92,81,TTAGG
SUPER_Z,8600000,39,64,TTAGG
SUPER_Z,8700000,75,99,TTAGG
SUPER_Z,8800000,85,64,TTAGG
SUPER_Z,8900000,77,76,TTAGG
SUPER_Z,9000000,80,71,TTAGG
SUPER_Z,9100000,75,67,TTAGG
SUPER_Z,9200000,82,88,TTAGG
SUPER_Z,9300000,84,71,TTAGG
SUPER_Z,9400000,85,90,TTAGG
SUPER_Z,9500000,100,72,TTAGG
SUPER_Z,9600000,76,79,TTAGG
SUPER_Z,9700000,87,82,TTAGG
SUPER_Z,9800000,81,62,TTAGG
SUPER_Z,9900000,86,89,TTAGG
SUPER_Z,10000000,77,83,TTAGG
SUPER_Z,10100000,85,80,TTAGG
SUPER_Z,10200000,78,70,TTAGG
SUPER_Z,10300000,87,92,TTAGG
SUPER_Z,10400000,86,82,TTAGG
SUPER_Z,10500000,84,96,TTAGG
SUPER_Z,10600000,85,75,TTAGG
SUPER_Z,10700000,73,72,TTAGG
SUPER_Z,10800000,81,67,TTAGG
SUPER_Z,10900000,75,70,TTAGG
SUPER_Z,11000000,65,105,TTAGG
SUPER_Z,11100000,74,84,TTAGG
SUPER_Z,11200000,62,69,TTAGG
SUPER_Z,11300000,76,72,TTAGG
SUPER_Z,11400000,75,74,TTAGG
SUPER_Z,11500000,60,90,TTAGG
SUPER_Z,11600000,77,91,TTAGG
SUPER_Z,11700000,90,77,TTAGG
SUPER_Z,11800000,84,83,TTAGG
SUPER_Z,11900000,87,76,TTAGG
SUPER_Z,12000000,1775,45,TTAGG
SUPER_Z,12100000,711,4,TTAGG
SUPER_2,100000,71,383,TTAGG
SUPER_2,200000,74,69,TTAGG
SUPER_2,300000,81,81,TTAGG
SUPER_2,400000,68,93,TTAGG
SUPER_2,500000,80,91,TTAGG
SUPER_2,600000,68,78,TTAGG
SUPER_2,700000,86,81,TTAGG
SUPER_2,800000,101,92,TTAGG
SUPER_2,900000,86,72,TTAGG
SUPER_2,1000000,98,75,TTAGG
SUPER_2,1100000,73,78,TTAGG
SUPER_2,1200000,99,80,TTAGG
SUPER_2,1300000,94,85,TTAGG
SUPER_2,1400000,80,91,TTAGG
SUPER_2,1500000,76,85,TTAGG
SUPER_2,1600000,72,81,TTAGG
SUPER_2,1700000,87,87,TTAGG
SUPER_2,1800000,66,90,TTAGG
SUPER_2,1900000,93,85,TTAGG
SUPER_2,2000000,72,70,TTAGG
SUPER_2,2100000,82,92,TTAGG
SUPER_2,2200000,82,78,TTAGG
SUPER_2,2300000,93,93,TTAGG
SUPER_2,2400000,90,78,TTAGG
SUPER_2,2500000,84,69,TTAGG
SUPER_2,2600000,89,80,TTAGG
SUPER_2,2700000,95,74,TTAGG
SUPER_2,2800000,85,93,TTAGG
SUPER_2,2900000,87,71,TTAGG
SUPER_2,3000000,86,68,TTAGG
SUPER_2,3100000,77,78,TTAGG
SUPER_2,3200000,75,83,TTAGG
SUPER_2,3300000,82,87,TTAGG
SUPER_2,3400000,68,91,TTAGG
SUPER_2,3500000,94,82,TTAGG
SUPER_2,3600000,91,95,TTAGG
SUPER_2,3700000,68,83,TTAGG
SUPER_2,3800000,81,78,TTAGG
SUPER_2,3900000,96,94,TTAGG
SUPER_2,4000000,82,81,TTAGG
SUPER_2,4100000,57,91,TTAGG
SUPER_2,4200000,76,85,TTAGG
SUPER_2,4300000,88,84,TTAGG
SUPER_2,4400000,57,100,TTAGG
SUPER_2,4500000,98,75,TTAGG
SUPER_2,4600000,84,83,TTAGG
SUPER_2,4700000,91,82,TTAGG
SUPER_2,4800000,72,68,TTAGG
SUPER_2,4900000,79,75,TTAGG
SUPER_2,5000000,92,91,TTAGG
SUPER_2,5100000,77,63,TTAGG
SUPER_2,5200000,85,95,TTAGG
SUPER_2,5300000,87,94,TTAGG
SUPER_2,5400000,90,81,TTAGG
SUPER_2,5500000,78,81,TTAGG
SUPER_2,5600000,74,79,TTAGG
SUPER_2,5700000,88,68,TTAGG
SUPER_2,5800000,92,94,TTAGG
SUPER_2,5900000,91,78,TTAGG
SUPER_2,6000000,89,81,TTAGG
SUPER_2,6100000,77,83,TTAGG
SUPER_2,6200000,74,76,TTAGG
SUPER_2,6300000,92,105,TTAGG
SUPER_2,6400000,98,112,TTAGG
SUPER_2,6500000,93,72,TTAGG
SUPER_2,6600000,90,96,TTAGG
SUPER_2,6700000,66,70,TTAGG
SUPER_2,6800000,91,52,TTAGG
SUPER_2,6900000,85,78,TTAGG
SUPER_2,7000000,82,89,TTAGG
SUPER_2,7100000,85,103,TTAGG
SUPER_2,7200000,71,83,TTAGG
SUPER_2,7300000,80,74,TTAGG
SUPER_2,7400000,85,100,TTAGG
SUPER_2,7500000,93,83,TTAGG
SUPER_2,7600000,79,81,TTAGG
SUPER_2,7700000,76,69,TTAGG
SUPER_2,7800000,84,82,TTAGG
SUPER_2,7900000,87,76,TTAGG
SUPER_2,8000000,77,80,TTAGG
SUPER_2,8100000,92,83,TTAGG
SUPER_2,8200000,86,83,TTAGG
SUPER_2,8300000,86,95,TTAGG
SUPER_2,8400000,77,103,TTAGG
SUPER_2,8500000,79,98,TTAGG
SUPER_2,8600000,78,81,TTAGG
SUPER_2,8700000,98,81,TTAGG
SUPER_2,8800000,77,90,TTAGG
SUPER_2,8900000,70,78,TTAGG
SUPER_2,9000000,61,74,TTAGG
SUPER_2,9100000,92,77,TTAGG
SUPER_2,9200000,74,87,TTAGG
SUPER_2,9300000,87,79,TTAGG
SUPER_2,9400000,90,74,TTAGG
SUPER_2,9500000,83,95,TTAGG
SUPER_2,9600000,65,74,TTAGG
SUPER_2,9700000,58,93,TTAGG
SUPER_2,9800000,73,71,TTAGG
SUPER_2,9900000,86,71,TTAGG
SUPER_2,10000000,73,87,TTAGG
SUPER_2,10100000,81,82,TTAGG
SUPER_2,10200000,80,64,TTAGG
SUPER_2,10300000,73,61,TTAGG
SUPER_2,10400000,64,98,TTAGG
SUPER_2,10500000,80,77,TTAGG
SUPER_2,10600000,78,85,TTAGG
SUPER_2,10700000,86,65,TTAGG
SUPER_2,10800000,83,100,TTAGG
SUPER_2,10900000,70,71,TTAGG
SUPER_2,11000000,73,78,TTAGG
SUPER_2,11100000,70,66,TTAGG
SUPER_2,11200000,73,66,TTAGG
SUPER_2,11300000,88,68,TTAGG
SUPER_2,11400000,67,66,TTAGG
SUPER_2,11500000,92,84,TTAGG
SUPER_2,11600000,91,66,TTAGG
SUPER_2,11700000,79,72,TTAGG
SUPER_2,11800000,55,80,TTAGG
SUPER_2,11900000,805,72,TTAGG
SUPER_2,12000000,787,5,TTAGG
SUPER_3,100000,67,343,TTAGG
SUPER_3,200000,81,85,TTAGG
SUPER_3,300000,93,64,TTAGG
SUPER_3,400000,88,90,TTAGG
SUPER_3,500000,86,71,TTAGG
SUPER_3,600000,82,103,TTAGG
SUPER_3,700000,109,74,TTAGG
SUPER_3,800000,85,81,TTAGG
SUPER_3,900000,78,59,TTAGG
SUPER_3,1000000,71,86,TTAGG
SUPER_3,1100000,80,86,TTAGG
SUPER_3,1200000,83,69,TTAGG
SUPER_3,1300000,86,66,TTAGG
SUPER_3,1400000,82,67,TTAGG
SUPER_3,1500000,77,84,TTAGG
SUPER_3,1600000,87,83,TTAGG
SUPER_3,1700000,95,92,TTAGG
SUPER_3,1800000,93,93,TTAGG
SUPER_3,1900000,76,64,TTAGG
SUPER_3,2000000,74,87,TTAGG
SUPER_3,2100000,68,71,TTAGG
SUPER_3,2200000,79,65,TTAGG
SUPER_3,2300000,92,78,TTAGG
SUPER_3,2400000,77,89,TTAGG
SUPER_3,2500000,93,87,TTAGG
SUPER_3,2600000,74,90,TTAGG
SUPER_3,2700000,95,81,TTAGG
SUPER_3,2800000,89,83,TTAGG
SUPER_3,2900000,84,99,TTAGG
SUPER_3,3000000,66,88,TTAGG
SUPER_3,3100000,87,83,TTAGG
SUPER_3,3200000,74,83,TTAGG
SUPER_3,3300000,79,78,TTAGG
SUPER_3,3400000,94,93,TTAGG
SUPER_3,3500000,89,83,TTAGG
SUPER_3,3600000,86,95,TTAGG
SUPER_3,3700000,83,88,TTAGG
SUPER_3,3800000,74,89,TTAGG
SUPER_3,3900000,88,71,TTAGG
SUPER_3,4000000,95,77,TTAGG
SUPER_3,4100000,86,80,TTAGG
SUPER_3,4200000,88,89,TTAGG
SUPER_3,4300000,81,102,TTAGG
SUPER_3,4400000,78,67,TTAGG
SUPER_3,4500000,84,70,TTAGG
SUPER_3,4600000,75,76,TTAGG
SUPER_3,4700000,86,83,TTAGG
SUPER_3,4800000,70,92,TTAGG
SUPER_3,4900000,82,74,TTAGG
SUPER_3,5000000,96,91,TTAGG
SUPER_3,5100000,95,75,TTAGG
SUPER_3,5200000,89,84,TTAGG
SUPER_3,5300000,81,82,TTAGG
SUPER_3,5400000,82,66,TTAGG
SUPER_3,5500000,76,85,TTAGG
SUPER_3,5600000,67,73,TTAGG
SUPER_3,5700000,87,84,TTAGG
SUPER_3,5800000,74,77,TTAGG
SUPER_3,5900000,66,87,TTAGG
SUPER_3,6000000,60,93,TTAGG
SUPER_3,6100000,61,86,TTAGG
SUPER_3,6200000,87,87,TTAGG
SUPER_3,6300000,96,85,TTAGG
SUPER_3,6400000,80,79,TTAGG
SUPER_3,6500000,89,77,TTAGG
SUPER_3,6600000,88,80,TTAGG
SUPER_3,6700000,80,89,TTAGG
SUPER_3,6800000,87,82,TTAGG
SUPER_3,6900000,71,84,TTAGG
SUPER_3,7000000,82,100,TTAGG
SUPER_3,7100000,54,83,TTAGG
SUPER_3,7200000,81,85,TTAGG
SUPER_3,7300000,90,70,TTAGG
SUPER_3,7400000,65,77,TTAGG
SUPER_3,7500000,75,86,TTAGG
SUPER_3,7600000,68,88,TTAGG
SUPER_3,7700000,75,85,TTAGG
SUPER_3,7800000,66,75,TTAGG
SUPER_3,7900000,81,92,TTAGG
SUPER_3,8000000,89,82,TTAGG
SUPER_3,8100000,87,84,TTAGG
SUPER_3,8200000,95,94,TTAGG
SUPER_3,8300000,101,81,TTAGG
SUPER_3,8400000,105,73,TTAGG
SUPER_3,8500000,83,76,TTAGG
SUPER_3,8600000,84,85,TTAGG
SUPER_3,8700000,70,88,TTAGG
SUPER_3,8800000,72,80,TTAGG
SUPER_3,8900000,102,105,TTAGG
SUPER_3,9000000,85,77,TTAGG
SUPER_3,9100000,91,90,TTAGG
SUPER_3,9200000,89,84,TTAGG
SUPER_3,9300000,92,81,TTAGG
SUPER_3,9400000,88,84,TTAGG
SUPER_3,9500000,92,72,TTAGG
SUPER_3,9600000,88,91,TTAGG
SUPER_3,9700000,77,83,TTAGG
SUPER_3,9800000,82,84,TTAGG
SUPER_3,9900000,95,79,TTAGG
SUPER_3,10000000,85,96,TTAGG
SUPER_3,10100000,101,84,TTAGG
SUPER_3,10200000,81,82,TTAGG
SUPER_3,10300000,68,79,TTAGG
SUPER_3,10400000,89,53,TTAGG
SUPER_3,10500000,80,87,TTAGG
SUPER_3,10600000,93,95,TTAGG
SUPER_3,10700000,91,86,TTAGG
SUPER_3,10800000,83,77,TTAGG
SUPER_3,10900000,78,71,TTAGG
SUPER_3,11000000,69,84,TTAGG
SUPER_3,11100000,95,77,TTAGG
SUPER_3,11200000,73,102,TTAGG
SUPER_3,11300000,89,83,TTAGG
SUPER_3,11400000,89,71,TTAGG
SUPER_3,11500000,66,65,TTAGG
SUPER_3,11600000,81,75,TTAGG
SUPER_3,11700000,609,70,TTAGG
SUPER_3,11800000,1141,3,TTAGG
SUPER_4,100000,78,694,TTAGG
SUPER_4,200000,82,68,TTAGG
SUPER_4,300000,87,80,TTAGG
SUPER_4,400000,70,71,TTAGG
SUPER_4,500000,87,78,TTAGG
SUPER_4,600000,90,74,TTAGG
SUPER_4,700000,87,98,TTAGG
SUPER_4,800000,75,98,TTAGG
SUPER_4,900000,81,92,TTAGG
SUPER_4,1000000,81,69,TTAGG
SUPER_4,1100000,88,97,TTAGG
SUPER_4,1200000,69,84,TTAGG
SUPER_4,1300000,92,78,TTAGG
SUPER_4,1400000,102,82,TTAGG
SUPER_4,1500000,80,95,TTAGG
SUPER_4,1600000,68,88,TTAGG
SUPER_4,1700000,83,92,TTAGG
SUPER_4,1800000,81,73,TTAGG
SUPER_4,1900000,86,88,TTAGG
SUPER_4,2000000,66,71,TTAGG
SUPER_4,2100000,93,85,TTAGG
SUPER_4,2200000,76,75,TTAGG
SUPER_4,2300000,73,69,TTAGG
SUPER_4,2400000,86,90,TTAGG
SUPER_4,2500000,70,91,TTAGG
SUPER_4,2600000,86,72,TTAGG
SUPER_4,2700000,121,86,TTAGG
SUPER_4,2800000,73,96,TTAGG
SUPER_4,2900000,88,84,TTAGG
SUPER_4,3000000,83,94,TTAGG
SUPER_4,3100000,94,87,TTAGG
SUPER_4,3200000,96,80,TTAGG
SUPER_4,3300000,68,89,TTAGG
SUPER_4,3400000,101,79,TTAGG
SUPER_4,3500000,68,99,TTAGG
SUPER_4,3600000,84,64,TTAGG
SUPER_4,3700000,85,79,TTAGG
SUPER_4,3800000,72,92,TTAGG
SUPER_4,3900000,78,78,TTAGG
SUPER_4,4000000,70,76,TTAGG
SUPER_4,4100000,68,99,TTAGG
SUPER_4,4200000,85,64,TTAGG
SUPER_4,4300000,84,71,TTAGG
SUPER_4,4400000,82,77,TTAGG
SUPER_4,4500000,90,78,TTAGG
SUPER_4,4600000,81,70,TTAGG
SUPER_4,4700000,91,65,TTAGG
SUPER_4,4800000,84,73,TTAGG
SUPER_4,4900000,84,76,TTAGG
SUPER_4,5000000,79,79,TTAGG
SUPER_4,5100000,71,75,TTAGG
SUPER_4,5200000,89,55,TTAGG
SUPER_4,5300000,87,83,TTAGG
SUPER_4,5400000,90,72,TTAGG
SUPER_4,5500000,88,89,TTAGG
SUPER_4,5600000,88,94,TTAGG
SUPER_4,5700000,82,77,TTAGG
SUPER_4,5800000,80,85,TTAGG
SUPER_4,5900000,75,86,TTAGG
SUPER_4,6000000,66,67,TTAGG
SUPER_4,6100000,84,67,TTAGG
SUPER_4,6200000,85,93,TTAGG
SUPER_4,6300000,90,71,TTAGG
SUPER_4,6400000,91,71,TTAGG
SUPER_4,6500000,72,70,TTAGG
SUPER_4,6600000,84,77,TTAGG
SUPER_4,6700000,92,95,TTAGG
SUPER_4,6800000,77,81,TTAGG
SUPER_4,6900000,72,77,TTAGG
SUPER_4,7000000,101,87,TTAGG
SUPER_4,7100000,73,86,TTAGG
SUPER_4,7200000,100,83,TTAGG
SUPER_4,7300000,92,93,TTAGG
SUPER_4,7400000,79,81,TTAGG
SUPER_4,7500000,80,91,TTAGG
SUPER_4,7600000,75,85,TTAGG
SUPER_4,7700000,92,89,TTAGG
SUPER_4,7800000,91,55,TTAGG
SUPER_4,7900000,83,85,TTAGG
SUPER_4,8000000,95,77,TTAGG
SUPER_4,8100000,75,70,TTAGG
SUPER_4,8200000,79,67,TTAGG
SUPER_4,8300000,72,84,TTAGG
SUPER_4,8400000,85,98,TTAGG
SUPER_4,8500000,80,84,TTAGG
SUPER_4,8600000,75,80,TTAGG
SUPER_4,8700000,96,65,TTAGG
SUPER_4,8800000,82,76,TTAGG
SUPER_4,8900000,99,85,TTAGG
SUPER_4,9000000,97,76,TTAGG
SUPER_4,9100000,83,103,TTAGG
SUPER_4,9200000,87,107,TTAGG
SUPER_4,9300000,78,76,TTAGG
SUPER_4,9400000,81,90,TTAGG
SUPER_4,9500000,89,59,TTAGG
SUPER_4,9600000,73,75,TTAGG
SUPER_4,9700000,76,78,TTAGG
SUPER_4,9800000,73,90,TTAGG
SUPER_4,9900000,94,83,TTAGG
SUPER_4,10000000,81,96,TTAGG
SUPER_4,10100000,65,76,TTAGG
SUPER_4,10200000,99,84,TTAGG
SUPER_4,10300000,82,79,TTAGG
SUPER_4,10400000,78,74,TTAGG
SUPER_4,10500000,81,90,TTAGG
SUPER_4,10600000,77,66,TTAGG
SUPER_4,10700000,96,72,TTAGG
SUPER_4,10800000,87,92,TTAGG
SUPER_4,10900000,95,83,TTAGG
SUPER_4,11000000,82,75,TTAGG
SUPER_4,11100000,79,63,TTAGG
SUPER_4,11200000,974,75,TTAGG
SUPER_4,11300000,620,74,TTAGG
SUPER_4,11400000,1485,63,TTAGG
SUPER_4,11500000,674,0,TTAGG
SUPER_5,100000,66,523,TTAGG
SUPER_5,200000,76,72,TTAGG
SUPER_5,300000,83,73,TTAGG
SUPER_5,400000,77,73,TTAGG
SUPER_5,500000,76,78,TTAGG
SUPER_5,600000,85,74,TTAGG
SUPER_5,700000,93,78,TTAGG
SUPER_5,800000,84,78,TTAGG
SUPER_5,900000,96,82,TTAGG
SUPER_5,1000000,102,84,TTAGG
SUPER_5,1100000,88,82,TTAGG
SUPER_5,1200000,76,82,TTAGG
SUPER_5,1300000,93,96,TTAGG
SUPER_5,1400000,79,83,TTAGG
SUPER_5,1500000,70,64,TTAGG
SUPER_5,1600000,89,103,TTAGG
SUPER_5,1700000,81,76,TTAGG
SUPER_5,1800000,92,78,TTAGG
SUPER_5,1900000,78,79,TTAGG
SUPER_5,2000000,82,69,TTAGG
SUPER_5,2100000,74,78,TTAGG
SUPER_5,2200000,97,100,TTAGG
SUPER_5,2300000,84,74,TTAGG
SUPER_5,2400000,65,84,TTAGG
SUPER_5,2500000,76,77,TTAGG
SUPER_5,2600000,86,93,TTAGG
SUPER_5,2700000,96,75,TTAGG
SUPER_5,2800000,95,99,TTAGG
SUPER_5,2900000,82,84,TTAGG
SUPER_5,3000000,70,88,TTAGG
SUPER_5,3100000,103,75,TTAGG
SUPER_5,3200000,77,74,TTAGG
SUPER_5,3300000,76,91,TTAGG
SUPER_5,3400000,93,92,TTAGG
SUPER_5,3500000,76,68,TTAGG
SUPER_5,3600000,81,66,TTAGG
SUPER_5,3700000,70,96,TTAGG
SUPER_5,3800000,78,76,TTAGG
SUPER_5,3900000,84,88,TTAGG
SUPER_5,4000000,64,86,TTAGG
SUPER_5,4100000,79,76,TTAGG
SUPER_5,4200000,96,97,TTAGG
SUPER_5,4300000,98,87,TTAGG
SUPER_5,4400000,76,81,TTAGG
SUPER_5,4500000,82,80,TTAGG
SUPER_5,4600000,80,96,TTAGG
SUPER_5,4700000,77,74,TTAGG
SUPER_5,4800000,75,88,TTAGG
SUPER_5,4900000,82,76,TTAGG
SUPER_5,5000000,90,76,TTAGG
SUPER_5,5100000,82,80,TTAGG
SUPER_5,5200000,83,88,TTAGG
SUPER_5,5300000,65,77,TTAGG
SUPER_5,5400000,83,80,TTAGG
SUPER_5,5500000,78,112,TTAGG
SUPER_5,5600000,71,74,TTAGG
SUPER_5,5700000,78,85,TTAGG
SUPER_5,5800000,92,99,TTAGG
SUPER_5,5900000,89,83,TTAGG
SUPER_5,6000000,89,74,TTAGG
SUPER_5,6100000,84,77,TTAGG
SUPER_5,6200000,88,90,TTAGG
SUPER_5,6300000,75,82,TTAGG
SUPER_5,6400000,80,78,TTAGG
SUPER_5,6500000,90,83,TTAGG
SUPER_5,6600000,85,76,TTAGG
SUPER_5,6700000,83,74,TTAGG
SUPER_5,6800000,90,65,TTAGG
SUPER_5,6900000,89,90,TTAGG
SUPER_5,7000000,73,75,TTAGG
SUPER_5,7100000,84,91,TTAGG
SUPER_5,7200000,82,70,TTAGG
SUPER_5,7300000,69,65,TTAGG
SUPER_5,7400000,77,76,TTAGG
SUPER_5,7500000,84,69,TTAGG
SUPER_5,7600000,85,85,TTAGG
SUPER_5,7700000,85,68,TTAGG
SUPER_5,7800000,88,72,TTAGG
SUPER_5,7900000,87,80,TTAGG
SUPER_5,8000000,89,91,TTAGG
SUPER_5,8100000,77,80,TTAGG
SUPER_5,8200000,85,70,TTAGG
SUPER_5,8300000,80,91,TTAGG
SUPER_5,8400000,69,97,TTAGG
SUPER_5,8500000,81,81,TTAGG
SUPER_5,8600000,84,78,TTAGG
SUPER_5,8700000,93,75,TTAGG
SUPER_5,8800000,80,96,TTAGG
SUPER_5,8900000,98,72,TTAGG
SUPER_5,9000000,79,90,TTAGG
SUPER_5,9100000,78,73,TTAGG
SUPER_5,9200000,81,71,TTAGG
SUPER_5,9300000,76,84,TTAGG
SUPER_5,9400000,67,85,TTAGG
SUPER_5,9500000,80,91,TTAGG
SUPER_5,9600000,76,76,TTAGG
SUPER_5,9700000,82,82,TTAGG
SUPER_5,9800000,82,93,TTAGG
SUPER_5,9900000,82,79,TTAGG
SUPER_5,10000000,86,70,TTAGG
SUPER_5,10100000,82,79,TTAGG
SUPER_5,10200000,91,71,TTAGG
SUPER_5,10300000,63,71,TTAGG
SUPER_5,10400000,80,89,TTAGG
SUPER_5,10500000,74,100,TTAGG
SUPER_5,10600000,74,86,TTAGG
SUPER_5,10700000,83,89,TTAGG
SUPER_5,10800000,84,93,TTAGG
SUPER_5,10900000,84,93,TTAGG
SUPER_5,11000000,82,68,TTAGG
SUPER_5,11100000,73,66,TTAGG
SUPER_5,11200000,93,85,TTAGG
SUPER_5,11300000,129,76,TTAGG
SUPER_5,11400000,604,34,TTAGG
SUPER_6,100000,56,3446,TTAGG
SUPER_6,200000,79,57,TTAGG
SUPER_6,300000,96,116,TTAGG
SUPER_6,400000,67,99,TTAGG
SUPER_6,500000,81,99,TTAGG
SUPER_6,600000,75,90,TTAGG
SUPER_6,700000,64,85,TTAGG
SUPER_6,800000,78,69,TTAGG
SUPER_6,900000,90,82,TTAGG
SUPER_6,1000000,92,80,TTAGG
SUPER_6,1100000,92,66,TTAGG
SUPER_6,1200000,83,95,TTAGG
SUPER_6,1300000,74,88,TTAGG
SUPER_6,1400000,102,102,TTAGG
SUPER_6,1500000,70,72,TTAGG
SUPER_6,1600000,87,72,TTAGG
SUPER_6,1700000,99,80,TTAGG
SUPER_6,1800000,88,62,TTAGG
SUPER_6,1900000,72,93,TTAGG
SUPER_6,2000000,85,62,TTAGG
SUPER_6,2100000,86,76,TTAGG
SUPER_6,2200000,76,83,TTAGG
SUPER_6,2300000,54,66,TTAGG
SUPER_6,2400000,80,62,TTAGG
SUPER_6,2500000,81,86,TTAGG
SUPER_6,2600000,85,80,TTAGG
SUPER_6,2700000,94,72,TTAGG
SUPER_6,2800000,71,94,TTAGG
SUPER_6,2900000,66,93,TTAGG
SUPER_6,3000000,78,77,TTAGG
SUPER_6,3100000,81,114,TTAGG
SUPER_6,3200000,89,72,TTAGG
SUPER_6,3300000,73,91,TTAGG
SUPER_6,3400000,64,70,TTAGG
SUPER_6,3500000,93,77,TTAGG
SUPER_6,3600000,89,86,TTAGG
SUPER_6,3700000,88,86,TTAGG
SUPER_6,3800000,81,59,TTAGG
SUPER_6,3900000,93,106,TTAGG
SUPER_6,4000000,82,86,TTAGG
SUPER_6,4100000,86,94,TTAGG
SUPER_6,4200000,94,87,TTAGG
SUPER_6,4300000,80,67,TTAGG
SUPER_6,4400000,79,91,TTAGG
SUPER_6,4500000,91,78,TTAGG
SUPER_6,4600000,80,88,TTAGG
SUPER_6,4700000,82,90,TTAGG
SUPER_6,4800000,82,93,TTAGG
SUPER_6,4900000,67,97,TTAGG
SUPER_6,5000000,87,82,TTAGG
SUPER_6,5100000,85,75,TTAGG
SUPER_6,5200000,73,84,TTAGG
SUPER_6,5300000,72,90,TTAGG
SUPER_6,5400000,86,88,TTAGG
SUPER_6,5500000,87,93,TTAGG
SUPER_6,5600000,83,91,TTAGG
SUPER_6,5700000,88,80,TTAGG
SUPER_6,5800000,68,79,TTAGG
SUPER_6,5900000,89,90,TTAGG
SUPER_6,6000000,74,85,TTAGG
SUPER_6,6100000,84,81,TTAGG
SUPER_6,6200000,86,68,TTAGG
SUPER_6,6300000,97,84,TTAGG
SUPER_6,6400000,80,82,TTAGG
SUPER_6,6500000,82,75,TTAGG
SUPER_6,6600000,84,67,TTAGG
SUPER_6,6700000,83,74,TTAGG
SUPER_6,6800000,76,84,TTAGG
SUPER_6,6900000,80,86,TTAGG
SUPER_6,7000000,68,85,TTAGG
SUPER_6,7100000,93,78,TTAGG
SUPER_6,7200000,61,83,TTAGG
SUPER_6,7300000,76,95,TTAGG
SUPER_6,7400000,94,94,TTAGG
SUPER_6,7500000,76,87,TTAGG
SUPER_6,7600000,81,99,TTAGG
SUPER_6,7700000,84,91,TTAGG
SUPER_6,7800000,89,76,TTAGG
SUPER_6,7900000,64,65,TTAGG
SUPER_6,8000000,78,78,TTAGG
SUPER_6,8100000,107,84,TTAGG
SUPER_6,8200000,75,83,TTAGG
SUPER_6,8300000,79,74,TTAGG
SUPER_6,8400000,78,95,TTAGG
SUPER_6,8500000,69,71,TTAGG
SUPER_6,8600000,100,84,TTAGG
SUPER_6,8700000,87,80,TTAGG
SUPER_6,8800000,84,82,TTAGG
SUPER_6,8900000,93,99,TTAGG
SUPER_6,9000000,77,75,TTAGG
SUPER_6,9100000,95,80,TTAGG
SUPER_6,9200000,84,77,TTAGG
SUPER_6,9300000,79,80,TTAGG
SUPER_6,9400000,77,88,TTAGG
SUPER_6,9500000,85,66,TTAGG
SUPER_6,9600000,87,86,TTAGG
SUPER_6,9700000,90,83,TTAGG
SUPER_6,9800000,74,92,TTAGG
SUPER_6,9900000,89,92,TTAGG
SUPER_6,10000000,77,78,TTAGG
SUPER_6,10100000,79,79,TTAGG
SUPER_6,10200000,98,92,TTAGG
SUPER_6,10300000,81,87,TTAGG
SUPER_6,10400000,79,88,TTAGG
SUPER_6,10500000,72,79,TTAGG
SUPER_6,10600000,104,71,TTAGG
SUPER_6,10700000,92,75,TTAGG
SUPER_6,10800000,90,86,TTAGG
SUPER_6,10900000,68,76,TTAGG
SUPER_6,11000000,87,81,TTAGG
SUPER_6,11100000,1049,46,TTAGG
SUPER_7,100000,65,1251,TTAGG
SUPER_7,200000,73,76,TTAGG
SUPER_7,300000,85,84,TTAGG
SUPER_7,400000,93,92,TTAGG
SUPER_7,500000,72,87,TTAGG
SUPER_7,600000,83,91,TTAGG
SUPER_7,700000,78,77,TTAGG
SUPER_7,800000,81,73,TTAGG
SUPER_7,900000,74,82,TTAGG
SUPER_7,1000000,70,79,TTAGG
SUPER_7,1100000,46,99,TTAGG
SUPER_7,1200000,79,86,TTAGG
SUPER_7,1300000,78,82,TTAGG
SUPER_7,1400000,84,88,TTAGG
SUPER_7,1500000,70,78,TTAGG
SUPER_7,1600000,82,71,TTAGG
SUPER_7,1700000,87,68,TTAGG
SUPER_7,1800000,80,88,TTAGG
SUPER_7,1900000,84,98,TTAGG
SUPER_7,2000000,78,68,TTAGG
SUPER_7,2100000,73,100,TTAGG
SUPER_7,2200000,98,94,TTAGG
SUPER_7,2300000,86,71,TTAGG
SUPER_7,2400000,90,74,TTAGG
SUPER_7,2500000,82,92,TTAGG
SUPER_7,2600000,86,90,TTAGG
SUPER_7,2700000,80,76,TTAGG
SUPER_7,2800000,96,65,TTAGG
SUPER_7,2900000,108,59,TTAGG
SUPER_7,3000000,74,75,TTAGG
SUPER_7,3100000,63,79,TTAGG
SUPER_7,3200000,70,79,TTAGG
SUPER_7,3300000,73,66,TTAGG
SUPER_7,3400000,98,90,TTAGG
SUPER_7,3500000,89,87,TTAGG
SUPER_7,3600000,81,81,TTAGG
SUPER_7,3700000,80,92,TTAGG
SUPER_7,3800000,61,88,TTAGG
SUPER_7,3900000,64,92,TTAGG
SUPER_7,4000000,69,76,TTAGG
SUPER_7,4100000,93,85,TTAGG
SUPER_7,4200000,75,104,TTAGG
SUPER_7,4300000,86,80,TTAGG
SUPER_7,4400000,83,94,TTAGG
SUPER_7,4500000,99,92,TTAGG
SUPER_7,4600000,84,88,TTAGG
SUPER_7,4700000,93,75,TTAGG
SUPER_7,4800000,80,96,TTAGG
SUPER_7,4900000,73,69,TTAGG
SUPER_7,5000000,79,74,TTAGG
SUPER_7,5100000,90,78,TTAGG
SUPER_7,5200000,81,76,TTAGG
SUPER_7,5300000,93,101,TTAGG
SUPER_7,5400000,87,94,TTAGG
SUPER_7,5500000,88,87,TTAGG
SUPER_7,5600000,75,83,TTAGG
SUPER_7,5700000,78,85,TTAGG
SUPER_7,5800000,83,86,TTAGG
SUPER_7,5900000,90,88,TTAGG
SUPER_7,6000000,93,104,TTAGG
SUPER_7,6100000,94,76,TTAGG
SUPER_7,6200000,86,82,TTAGG
SUPER_7,6300000,81,84,TTAGG
SUPER_7,6400000,85,70,TTAGG
SUPER_7,6500000,71,86,TTAGG
SUPER_7,6600000,95,84,TTAGG
SUPER_7,6700000,83,65,TTAGG
SUPER_7,6800000,87,79,TTAGG
SUPER_7,6900000,74,84,TTAGG
SUPER_7,7000000,77,68,TTAGG
SUPER_7,7100000,76,67,TTAGG
SUPER_7,7200000,83,82,TTAGG
SUPER_7,7300000,82,84,TTAGG
SUPER_7,7400000,100,73,TTAGG
SUPER_7,7500000,67,90,TTAGG
SUPER_7,7600000,82,85,TTAGG
SUPER_7,7700000,75,79,TTAGG
SUPER_7,7800000,80,76,TTAGG
SUPER_7,7900000,82,78,TTAGG
SUPER_7,8000000,79,73,TTAGG
SUPER_7,8100000,92,71,TTAGG
SUPER_7,8200000,88,84,TTAGG
SUPER_7,8300000,77,84,TTAGG
SUPER_7,8400000,74,79,TTAGG
SUPER_7,8500000,75,84,TTAGG
SUPER_7,8600000,72,73,TTAGG
SUPER_7,8700000,85,76,TTAGG
SUPER_7,8800000,92,85,TTAGG
SUPER_7,8900000,68,64,TTAGG
SUPER_7,9000000,96,83,TTAGG
SUPER_7,9100000,67,73,TTAGG
SUPER_7,9200000,70,85,TTAGG
SUPER_7,9300000,79,69,TTAGG
SUPER_7,9400000,85,67,TTAGG
SUPER_7,9500000,95,96,TTAGG
SUPER_7,9600000,93,85,TTAGG
SUPER_7,9700000,80,62,TTAGG
SUPER_7,9800000,85,77,TTAGG
SUPER_7,9900000,91,81,TTAGG
SUPER_7,10000000,75,66,TTAGG
SUPER_7,10100000,76,78,TTAGG
SUPER_7,10200000,93,77,TTAGG
SUPER_7,10300000,84,66,TTAGG
SUPER_7,10400000,82,92,TTAGG
SUPER_7,10500000,94,67,TTAGG
SUPER_7,10600000,70,82,TTAGG
SUPER_7,10700000,69,69,TTAGG
SUPER_7,10800000,62,68,TTAGG
SUPER_7,10900000,113,84,TTAGG
SUPER_7,11000000,2151,54,TTAGG
SUPER_8,100000,60,1353,TTAGG
SUPER_8,200000,61,66,TTAGG
SUPER_8,300000,73,77,TTAGG
SUPER_8,400000,82,92,TTAGG
SUPER_8,500000,86,79,TTAGG
SUPER_8,600000,104,79,TTAGG
SUPER_8,700000,78,95,TTAGG
SUPER_8,800000,75,84,TTAGG
SUPER_8,900000,78,91,TTAGG
SUPER_8,1000000,81,86,TTAGG
SUPER_8,1100000,90,82,TTAGG
SUPER_8,1200000,89,78,TTAGG
SUPER_8,1300000,90,86,TTAGG
SUPER_8,1400000,77,80,TTAGG
SUPER_8,1500000,89,81,TTAGG
SUPER_8,1600000,73,102,TTAGG
SUPER_8,1700000,76,100,TTAGG
SUPER_8,1800000,89,70,TTAGG
SUPER_8,1900000,69,84,TTAGG
SUPER_8,2000000,88,73,TTAGG
SUPER_8,2100000,91,80,TTAGG
SUPER_8,2200000,75,82,TTAGG
SUPER_8,2300000,97,63,TTAGG
SUPER_8,2400000,73,72,TTAGG
SUPER_8,2500000,91,67,TTAGG
SUPER_8,2600000,87,93,TTAGG
SUPER_8,2700000,74,75,TTAGG
SUPER_8,2800000,69,89,TTAGG
SUPER_8,2900000,86,87,TTAGG
SUPER_8,3000000,78,71,TTAGG
SUPER_8,3100000,81,66,TTAGG
SUPER_8,3200000,72,116,TTAGG
SUPER_8,3300000,77,79,TTAGG
SUPER_8,3400000,83,95,TTAGG
SUPER_8,3500000,77,87,TTAGG
SUPER_8,3600000,84,67,TTAGG
SUPER_8,3700000,86,87,TTAGG
SUPER_8,3800000,79,75,TTAGG
SUPER_8,3900000,85,80,TTAGG
SUPER_8,4000000,85,70,TTAGG
SUPER_8,4100000,79,72,TTAGG
SUPER_8,4200000,91,88,TTAGG
SUPER_8,4300000,64,84,TTAGG
SUPER_8,4400000,80,88,TTAGG
SUPER_8,4500000,85,81,TTAGG
SUPER_8,4600000,92,75,TTAGG
SUPER_8,4700000,85,97,TTAGG
SUPER_8,4800000,90,78,TTAGG
SUPER_8,4900000,71,90,TTAGG
SUPER_8,5000000,72,67,TTAGG
SUPER_8,5100000,93,66,TTAGG
SUPER_8,5200000,83,79,TTAGG
SUPER_8,5300000,99,96,TTAGG
SUPER_8,5400000,64,72,TTAGG
SUPER_8,5500000,76,81,TTAGG
SUPER_8,5600000,87,83,TTAGG
SUPER_8,5700000,77,85,TTAGG
SUPER_8,5800000,68,86,TTAGG
SUPER_8,5900000,82,77,TTAGG
SUPER_8,6000000,83,80,TTAGG
SUPER_8,6100000,75,95,TTAGG
SUPER_8,6200000,88,85,TTAGG
SUPER_8,6300000,78,76,TTAGG
SUPER_8,6400000,90,87,TTAGG
SUPER_8,6500000,80,80,TTAGG
SUPER_8,6600000,80,73,TTAGG
SUPER_8,6700000,89,60,TTAGG
SUPER_8,6800000,102,77,TTAGG
SUPER_8,6900000,94,74,TTAGG
SUPER_8,7000000,77,82,TTAGG
SUPER_8,7100000,87,94,TTAGG
SUPER_8,7200000,72,76,TTAGG
SUPER_8,7300000,79,89,TTAGG
SUPER_8,7400000,86,89,TTAGG
SUPER_8,7500000,74,84,TTAGG
SUPER_8,7600000,92,79,TTAGG
SUPER_8,7700000,84,90,TTAGG
SUPER_8,7800000,83,90,TTAGG
SUPER_8,7900000,91,77,TTAGG
SUPER_8,8000000,97,94,TTAGG
SUPER_8,8100000,86,73,TTAGG
SUPER_8,8200000,80,81,TTAGG
SUPER_8,8300000,92,91,TTAGG
SUPER_8,8400000,103,85,TTAGG
SUPER_8,8500000,80,81,TTAGG
SUPER_8,8600000,60,81,TTAGG
SUPER_8,8700000,73,87,TTAGG
SUPER_8,8800000,86,76,TTAGG
SUPER_8,8900000,92,79,TTAGG
SUPER_8,9000000,89,79,TTAGG
SUPER_8,9100000,86,73,TTAGG
SUPER_8,9200000,71,71,TTAGG
SUPER_8,9300000,87,93,TTAGG
SUPER_8,9400000,101,107,TTAGG
SUPER_8,9500000,77,73,TTAGG
SUPER_8,9600000,81,84,TTAGG
SUPER_8,9700000,79,92,TTAGG
SUPER_8,9800000,95,76,TTAGG
SUPER_8,9900000,85,85,TTAGG
SUPER_8,10000000,80,72,TTAGG
SUPER_8,10100000,61,81,TTAGG
SUPER_8,10200000,69,77,TTAGG
SUPER_8,10300000,83,69,TTAGG
SUPER_8,10400000,78,90,TTAGG
SUPER_8,10500000,84,98,TTAGG
SUPER_8,10600000,82,80,TTAGG
SUPER_8,10700000,91,72,TTAGG
SUPER_8,10800000,86,90,TTAGG
SUPER_8,10900000,63,87,TTAGG
SUPER_8,11000000,911,64,TTAGG
SUPER_9,100000,64,78,TTAGG
SUPER_9,200000,86,77,TTAGG
SUPER_9,300000,75,73,TTAGG
SUPER_9,400000,78,79,TTAGG
SUPER_9,500000,72,77,TTAGG
SUPER_9,600000,70,84,TTAGG
SUPER_9,700000,85,81,TTAGG
SUPER_9,800000,70,73,TTAGG
SUPER_9,900000,61,73,TTAGG
SUPER_9,1000000,82,81,TTAGG
SUPER_9,1100000,93,81,TTAGG
SUPER_9,1200000,83,81,TTAGG
SUPER_9,1300000,88,77,TTAGG
SUPER_9,1400000,96,71,TTAGG
SUPER_9,1500000,77,77,TTAGG
SUPER_9,1600000,81,98,TTAGG
SUPER_9,1700000,84,85,TTAGG
SUPER_9,1800000,80,87,TTAGG
SUPER_9,1900000,103,102,TTAGG
SUPER_9,2000000,94,76,TTAGG
SUPER_9,2100000,81,79,TTAGG
SUPER_9,2200000,80,88,TTAGG
SUPER_9,2300000,60,77,TTAGG
SUPER_9,2400000,87,83,TTAGG
SUPER_9,2500000,89,71,TTAGG
SUPER_9,2600000,61,96,TTAGG
SUPER_9,2700000,91,84,TTAGG
SUPER_9,2800000,68,91,TTAGG
SUPER_9,2900000,83,91,TTAGG
SUPER_9,3000000,97,74,TTAGG
SUPER_9,3100000,93,84,TTAGG
SUPER_9,3200000,90,94,TTAGG
SUPER_9,3300000,88,85,TTAGG
SUPER_9,3400000,87,87,TTAGG
SUPER_9,3500000,86,75,TTAGG
SUPER_9,3600000,67,77,TTAGG
SUPER_9,3700000,85,81,TTAGG
SUPER_9,3800000,88,70,TTAGG
SUPER_9,3900000,70,86,TTAGG
SUPER_9,4000000,75,87,TTAGG
SUPER_9,4100000,87,72,TTAGG
SUPER_9,4200000,83,68,TTAGG
SUPER_9,4300000,72,92,TTAGG
SUPER_9,4400000,82,83,TTAGG
SUPER_9,4500000,86,83,TTAGG
SUPER_9,4600000,76,63,TTAGG
SUPER_9,4700000,80,70,TTAGG
SUPER_9,4800000,78,96,TTAGG
SUPER_9,4900000,66,96,TTAGG
SUPER_9,5000000,75,75,TTAGG
SUPER_9,5100000,92,85,TTAGG
SUPER_9,5200000,97,76,TTAGG
SUPER_9,5300000,87,75,TTAGG
SUPER_9,5400000,89,84,TTAGG
SUPER_9,5500000,68,77,TTAGG
SUPER_9,5600000,75,83,TTAGG
SUPER_9,5700000,79,69,TTAGG
SUPER_9,5800000,78,78,TTAGG
SUPER_9,5900000,92,75,TTAGG
SUPER_9,6000000,66,69,TTAGG
SUPER_9,6100000,70,65,TTAGG
SUPER_9,6200000,93,76,TTAGG
SUPER_9,6300000,78,65,TTAGG
SUPER_9,6400000,87,97,TTAGG
SUPER_9,6500000,86,86,TTAGG
SUPER_9,6600000,94,78,TTAGG
SUPER_9,6700000,79,92,TTAGG
SUPER_9,6800000,103,88,TTAGG
SUPER_9,6900000,74,87,TTAGG
SUPER_9,7000000,84,92,TTAGG
SUPER_9,7100000,71,84,TTAGG
SUPER_9,7200000,85,63,TTAGG
SUPER_9,7300000,86,63,TTAGG
SUPER_9,7400000,85,88,TTAGG
SUPER_9,7500000,65,89,TTAGG
SUPER_9,7600000,70,95,TTAGG
SUPER_9,7700000,95,96,TTAGG
SUPER_9,7800000,93,86,TTAGG
SUPER_9,7900000,81,86,TTAGG
SUPER_9,8000000,90,78,TTAGG
SUPER_9,8100000,91,90,TTAGG
SUPER_9,8200000,78,75,TTAGG
SUPER_9,8300000,81,76,TTAGG
SUPER_9,8400000,98,86,TTAGG
SUPER_9,8500000,105,97,TTAGG
SUPER_9,8600000,79,79,TTAGG
SUPER_9,8700000,66,92,TTAGG
SUPER_9,8800000,91,88,TTAGG
SUPER_9,8900000,72,80,TTAGG
SUPER_9,9000000,78,80,TTAGG
SUPER_9,9100000,76,96,TTAGG
SUPER_9,9200000,78,91,TTAGG
SUPER_9,9300000,84,66,TTAGG
SUPER_9,9400000,71,82,TTAGG
SUPER_9,9500000,102,84,TTAGG
SUPER_9,9600000,83,86,TTAGG
SUPER_9,9700000,92,83,TTAGG
SUPER_9,9800000,96,64,TTAGG
SUPER_9,9900000,91,69,TTAGG
SUPER_9,10000000,98,94,TTAGG
SUPER_9,10100000,74,68,TTAGG
SUPER_9,10200000,67,77,TTAGG
SUPER_9,10300000,80,76,TTAGG
SUPER_9,10400000,95,78,TTAGG
SUPER_9,10500000,100,82,TTAGG
SUPER_9,10600000,81,85,TTAGG
SUPER_9,10700000,87,84,TTAGG
SUPER_9,10800000,81,88,TTAGG
SUPER_9,10900000,128,77,TTAGG
SUPER_9,11000000,2,2,TTAGG
SUPER_10,100000,69,1203,TTAGG
SUPER_10,200000,58,88,TTAGG
SUPER_10,300000,85,89,TTAGG
SUPER_10,400000,98,75,TTAGG
SUPER_10,500000,65,68,TTAGG
SUPER_10,600000,75,67,TTAGG
SUPER_10,700000,84,84,TTAGG
SUPER_10,800000,61,92,TTAGG
SUPER_10,900000,90,100,TTAGG
SUPER_10,1000000,86,78,TTAGG
SUPER_10,1100000,94,74,TTAGG
SUPER_10,1200000,69,100,TTAGG
SUPER_10,1300000,97,68,TTAGG
SUPER_10,1400000,84,96,TTAGG
SUPER_10,1500000,93,87,TTAGG
SUPER_10,1600000,64,87,TTAGG
SUPER_10,1700000,88,88,TTAGG
SUPER_10,1800000,73,66,TTAGG
SUPER_10,1900000,78,82,TTAGG
SUPER_10,2000000,96,70,TTAGG
SUPER_10,2100000,80,93,TTAGG
SUPER_10,2200000,67,89,TTAGG
SUPER_10,2300000,72,87,TTAGG
SUPER_10,2400000,90,86,TTAGG
SUPER_10,2500000,88,51,TTAGG
SUPER_10,2600000,90,72,TTAGG
SUPER_10,2700000,87,95,TTAGG
SUPER_10,2800000,79,88,TTAGG
SUPER_10,2900000,83,73,TTAGG
SUPER_10,3000000,86,91,TTAGG
SUPER_10,3100000,66,90,TTAGG
SUPER_10,3200000,78,72,TTAGG
SUPER_10,3300000,85,71,TTAGG
SUPER_10,3400000,78,80,TTAGG
SUPER_10,3500000,84,91,TTAGG
SUPER_10,3600000,104,84,TTAGG
SUPER_10,3700000,94,90,TTAGG
SUPER_10,3800000,62,76,TTAGG
SUPER_10,3900000,70,77,TTAGG
SUPER_10,4000000,78,76,TTAGG
SUPER_10,4100000,88,78,TTAGG
SUPER_10,4200000,98,79,TTAGG
SUPER_10,4300000,92,82,TTAGG
SUPER_10,4400000,74,74,TTAGG
SUPER_10,4500000,66,80,TTAGG
SUPER_10,4600000,74,93,TTAGG
SUPER_10,4700000,71,89,TTAGG
SUPER_10,4800000,89,95,TTAGG
SUPER_10,4900000,77,84,TTAGG
SUPER_10,5000000,82,72,TTAGG
SUPER_10,5100000,88,87,TTAGG
SUPER_10,5200000,67,80,TTAGG
SUPER_10,5300000,84,97,TTAGG
SUPER_10,5400000,81,84,TTAGG
SUPER_10,5500000,87,79,TTAGG
SUPER_10,5600000,78,73,TTAGG
SUPER_10,5700000,72,75,TTAGG
SUPER_10,5800000,73,96,TTAGG
SUPER_10,5900000,83,57,TTAGG
SUPER_10,6000000,79,86,TTAGG
SUPER_10,6100000,77,63,TTAGG
SUPER_10,6200000,95,74,TTAGG
SUPER_10,6300000,88,75,TTAGG
SUPER_10,6400000,87,85,TTAGG
SUPER_10,6500000,88,79,TTAGG
SUPER_10,6600000,66,74,TTAGG
SUPER_10,6700000,92,83,TTAGG
SUPER_10,6800000,83,82,TTAGG
SUPER_10,6900000,75,72,TTAGG
SUPER_10,7000000,87,83,TTAGG
SUPER_10,7100000,88,92,TTAGG
SUPER_10,7200000,102,84,TTAGG
SUPER_10,7300000,97,74,TTAGG
SUPER_10,7400000,95,79,TTAGG
SUPER_10,7500000,96,73,TTAGG
SUPER_10,7600000,77,71,TTAGG
SUPER_10,7700000,87,91,TTAGG
SUPER_10,7800000,66,73,TTAGG
SUPER_10,7900000,73,97,TTAGG
SUPER_10,8000000,79,96,TTAGG
SUPER_10,8100000,86,82,TTAGG
SUPER_10,8200000,78,96,TTAGG
SUPER_10,8300000,90,82,TTAGG
SUPER_10,8400000,87,80,TTAGG
SUPER_10,8500000,84,90,TTAGG
SUPER_10,8600000,71,80,TTAGG
SUPER_10,8700000,73,93,TTAGG
SUPER_10,8800000,70,106,TTAGG
SUPER_10,8900000,71,68,TTAGG
SUPER_10,9000000,86,89,TTAGG
SUPER_10,9100000,83,76,TTAGG
SUPER_10,9200000,85,85,TTAGG
SUPER_10,9300000,67,86,TTAGG
SUPER_10,9400000,95,88,TTAGG
SUPER_10,9500000,88,73,TTAGG
SUPER_10,9600000,73,99,TTAGG
SUPER_10,9700000,70,87,TTAGG
SUPER_10,9800000,63,67,TTAGG
SUPER_10,9900000,85,92,TTAGG
SUPER_10,10000000,76,85,TTAGG
SUPER_10,10100000,83,67,TTAGG
SUPER_10,10200000,80,74,TTAGG
SUPER_10,10300000,75,86,TTAGG
SUPER_10,10400000,89,88,TTAGG
SUPER_10,10500000,74,88,TTAGG
SUPER_10,10600000,87,104,TTAGG
SUPER_10,10700000,68,76,TTAGG
SUPER_10,10800000,79,88,TTAGG
SUPER_10,10900000,376,72,TTAGG
SUPER_11,100000,76,129,TTAGG
SUPER_11,200000,78,97,TTAGG
SUPER_11,300000,71,72,TTAGG
SUPER_11,400000,85,82,TTAGG
SUPER_11,500000,68,80,TTAGG
SUPER_11,600000,95,82,TTAGG
SUPER_11,700000,73,84,TTAGG
SUPER_11,800000,76,79,TTAGG
SUPER_11,900000,86,63,TTAGG
SUPER_11,1000000,85,74,TTAGG
SUPER_11,1100000,102,99,TTAGG
SUPER_11,1200000,76,72,TTAGG
SUPER_11,1300000,76,84,TTAGG
SUPER_11,1400000,82,78,TTAGG
SUPER_11,1500000,84,72,TTAGG
SUPER_11,1600000,94,78,TTAGG
SUPER_11,1700000,82,70,TTAGG
SUPER_11,1800000,80,73,TTAGG
SUPER_11,1900000,96,72,TTAGG
SUPER_11,2000000,92,75,TTAGG
SUPER_11,2100000,80,82,TTAGG
SUPER_11,2200000,75,77,TTAGG
SUPER_11,2300000,78,65,TTAGG
SUPER_11,2400000,72,75,TTAGG
SUPER_11,2500000,81,82,TTAGG
SUPER_11,2600000,86,79,TTAGG
SUPER_11,2700000,78,79,TTAGG
SUPER_11,2800000,80,95,TTAGG
SUPER_11,2900000,77,77,TTAGG
SUPER_11,3000000,81,77,TTAGG
SUPER_11,3100000,86,79,TTAGG
SUPER_11,3200000,66,77,TTAGG
SUPER_11,3300000,99,92,TTAGG
SUPER_11,3400000,82,95,TTAGG
SUPER_11,3500000,79,90,TTAGG
SUPER_11,3600000,78,89,TTAGG
SUPER_11,3700000,84,98,TTAGG
SUPER_11,3800000,82,80,TTAGG
SUPER_11,3900000,63,81,TTAGG
SUPER_11,4000000,76,91,TTAGG
SUPER_11,4100000,71,86,TTAGG
SUPER_11,4200000,81,96,TTAGG
SUPER_11,4300000,82,85,TTAGG
SUPER_11,4400000,69,82,TTAGG
SUPER_11,4500000,77,78,TTAGG
SUPER_11,4600000,96,77,TTAGG
SUPER_11,4700000,82,75,TTAGG
SUPER_11,4800000,78,75,TTAGG
SUPER_11,4900000,91,76,TTAGG
SUPER_11,5000000,77,80,TTAGG
SUPER_11,5100000,83,92,TTAGG
SUPER_11,5200000,96,91,TTAGG
SUPER_11,5300000,77,84,TTAGG
SUPER_11,5400000,71,80,TTAGG
SUPER_11,5500000,80,83,TTAGG
SUPER_11,5600000,81,74,TTAGG
SUPER_11,5700000,64,89,TTAGG
SUPER_11,5800000,102,72,TTAGG
SUPER_11,5900000,87,81,TTAGG
SUPER_11,6000000,90,86,TTAGG
SUPER_11,6100000,87,83,TTAGG
SUPER_11,6200000,92,83,TTAGG
SUPER_11,6300000,83,90,TTAGG
SUPER_11,6400000,89,70,TTAGG
SUPER_11,6500000,71,90,TTAGG
SUPER_11,6600000,99,79,TTAGG
SUPER_11,6700000,92,75,TTAGG
SUPER_11,6800000,81,90,TTAGG
SUPER_11,6900000,89,105,TTAGG
SUPER_11,7000000,84,82,TTAGG
SUPER_11,7100000,97,88,TTAGG
SUPER_11,7200000,72,75,TTAGG
SUPER_11,7300000,87,77,TTAGG
SUPER_11,7400000,77,98,TTAGG
SUPER_11,7500000,68,91,TTAGG
SUPER_11,7600000,87,81,TTAGG
SUPER_11,7700000,96,63,TTAGG
SUPER_11,7800000,90,74,TTAGG
SUPER_11,7900000,84,83,TTAGG
SUPER_11,8000000,100,79,TTAGG
SUPER_11,8100000,80,77,TTAGG
SUPER_11,8200000,91,78,TTAGG
SUPER_11,8300000,61,79,TTAGG
SUPER_11,8400000,83,88,TTAGG
SUPER_11,8500000,72,68,TTAGG
SUPER_11,8600000,82,80,TTAGG
SUPER_11,8700000,81,81,TTAGG
SUPER_11,8800000,81,71,TTAGG
SUPER_11,8900000,78,90,TTAGG
SUPER_11,9000000,89,88,TTAGG
SUPER_11,9100000,70,80,TTAGG
SUPER_11,9200000,68,59,TTAGG
SUPER_11,9300000,74,91,TTAGG
SUPER_11,9400000,82,74,TTAGG
SUPER_11,9500000,94,89,TTAGG
SUPER_11,9600000,87,91,TTAGG
SUPER_11,9700000,83,84,TTAGG
SUPER_11,9800000,95,77,TTAGG
SUPER_11,9900000,96,68,TTAGG
SUPER_11,10000000,88,76,TTAGG
SUPER_11,10100000,71,66,TTAGG
SUPER_11,10200000,94,90,TTAGG
SUPER_11,10300000,78,87,TTAGG
SUPER_11,10400000,71,74,TTAGG
SUPER_11,10500000,97,78,TTAGG
SUPER_11,10600000,390,71,TTAGG
SUPER_11,10700000,748,23,TTAGG
SUPER_12,100000,52,1722,TTAGG
SUPER_12,200000,72,70,TTAGG
SUPER_12,300000,93,62,TTAGG
SUPER_12,400000,76,56,TTAGG
SUPER_12,500000,76,81,TTAGG
SUPER_12,600000,76,90,TTAGG
SUPER_12,700000,77,79,TTAGG
SUPER_12,800000,81,74,TTAGG
SUPER_12,900000,83,86,TTAGG
SUPER_12,1000000,80,73,TTAGG
SUPER_12,1100000,86,74,TTAGG
SUPER_12,1200000,77,100,TTAGG
SUPER_12,1300000,93,92,TTAGG
SUPER_12,1400000,91,82,TTAGG
SUPER_12,1500000,94,72,TTAGG
SUPER_12,1600000,70,91,TTAGG
SUPER_12,1700000,78,78,TTAGG
SUPER_12,1800000,95,82,TTAGG
SUPER_12,1900000,86,81,TTAGG
SUPER_12,2000000,78,93,TTAGG
SUPER_12,2100000,81,68,TTAGG
SUPER_12,2200000,98,85,TTAGG
SUPER_12,2300000,91,110,TTAGG
SUPER_12,2400000,67,90,TTAGG
SUPER_12,2500000,89,88,TTAGG
SUPER_12,2600000,106,98,TTAGG
SUPER_12,2700000,85,61,TTAGG
SUPER_12,2800000,76,81,TTAGG
SUPER_12,2900000,69,75,TTAGG
SUPER_12,3000000,91,75,TTAGG
SUPER_12,3100000,83,68,TTAGG
SUPER_12,3200000,92,69,TTAGG
SUPER_12,3300000,71,77,TTAGG
SUPER_12,3400000,78,71,TTAGG
SUPER_12,3500000,85,88,TTAGG
SUPER_12,3600000,91,89,TTAGG
SUPER_12,3700000,75,82,TTAGG
SUPER_12,3800000,70,77,TTAGG
SUPER_12,3900000,68,76,TTAGG
SUPER_12,4000000,99,74,TTAGG
SUPER_12,4100000,70,85,TTAGG
SUPER_12,4200000,83,90,TTAGG
SUPER_12,4300000,86,86,TTAGG
SUPER_12,4400000,93,59,TTAGG
SUPER_12,4500000,76,84,TTAGG
SUPER_12,4600000,84,88,TTAGG
SUPER_12,4700000,95,76,TTAGG
SUPER_12,4800000,84,84,TTAGG
SUPER_12,4900000,88,75,TTAGG
SUPER_12,5000000,71,90,TTAGG
SUPER_12,5100000,73,72,TTAGG
SUPER_12,5200000,85,105,TTAGG
SUPER_12,5300000,80,101,TTAGG
SUPER_12,5400000,67,81,TTAGG
SUPER_12,5500000,82,95,TTAGG
SUPER_12,5600000,77,81,TTAGG
SUPER_12,5700000,70,82,TTAGG
SUPER_12,5800000,92,98,TTAGG
SUPER_12,5900000,98,86,TTAGG
SUPER_12,6000000,96,86,TTAGG
SUPER_12,6100000,90,77,TTAGG
SUPER_12,6200000,81,88,TTAGG
SUPER_12,6300000,96,86,TTAGG
SUPER_12,6400000,66,69,TTAGG
SUPER_12,6500000,103,78,TTAGG
SUPER_12,6600000,87,77,TTAGG
SUPER_12,6700000,79,92,TTAGG
SUPER_12,6800000,88,79,TTAGG
SUPER_12,6900000,70,76,TTAGG
SUPER_12,7000000,69,100,TTAGG
SUPER_12,7100000,90,91,TTAGG
SUPER_12,7200000,84,77,TTAGG
SUPER_12,7300000,94,92,TTAGG
SUPER_12,7400000,77,91,TTAGG
SUPER_12,7500000,92,74,TTAGG
SUPER_12,7600000,86,83,TTAGG
SUPER_12,7700000,101,70,TTAGG
SUPER_12,7800000,87,85,TTAGG
SUPER_12,7900000,75,78,TTAGG
SUPER_12,8000000,76,78,TTAGG
SUPER_12,8100000,98,86,TTAGG
SUPER_12,8200000,81,71,TTAGG
SUPER_12,8300000,74,79,TTAGG
SUPER_12,8400000,87,66,TTAGG
SUPER_12,8500000,91,91,TTAGG
SUPER_12,8600000,96,88,TTAGG
SUPER_12,8700000,97,61,TTAGG
SUPER_12,8800000,78,75,TTAGG
SUPER_12,8900000,87,70,TTAGG
SUPER_12,9000000,73,106,TTAGG
SUPER_12,9100000,68,100,TTAGG
SUPER_12,9200000,81,81,TTAGG
SUPER_12,9300000,80,82,TTAGG
SUPER_12,9400000,92,60,TTAGG
SUPER_12,9500000,92,87,TTAGG
SUPER_12,9600000,80,70,TTAGG
SUPER_12,9700000,81,73,TTAGG
SUPER_12,9800000,107,94,TTAGG
SUPER_12,9900000,79,97,TTAGG
SUPER_12,10000000,82,83,TTAGG
SUPER_12,10100000,76,85,TTAGG
SUPER_12,10200000,74,85,TTAGG
SUPER_12,10300000,64,68,TTAGG
SUPER_12,10400000,100,63,TTAGG
SUPER_12,10500000,3281,38,TTAGG
SUPER_13,100000,75,570,TTAGG
SUPER_13,200000,72,84,TTAGG
SUPER_13,300000,70,73,TTAGG
SUPER_13,400000,86,71,TTAGG
SUPER_13,500000,88,78,TTAGG
SUPER_13,600000,77,88,TTAGG
SUPER_13,700000,73,69,TTAGG
SUPER_13,800000,75,73,TTAGG
SUPER_13,900000,102,85,TTAGG
SUPER_13,1000000,71,97,TTAGG
SUPER_13,1100000,94,86,TTAGG
SUPER_13,1200000,87,57,TTAGG
SUPER_13,1300000,113,90,TTAGG
SUPER_13,1400000,80,80,TTAGG
SUPER_13,1500000,83,84,TTAGG
SUPER_13,1600000,82,102,TTAGG
SUPER_13,1700000,79,96,TTAGG
SUPER_13,1800000,81,68,TTAGG
SUPER_13,1900000,77,75,TTAGG
SUPER_13,2000000,85,81,TTAGG
SUPER_13,2100000,85,94,TTAGG
SUPER_13,2200000,88,85,TTAGG
SUPER_13,2300000,88,91,TTAGG
SUPER_13,2400000,86,67,TTAGG
SUPER_13,2500000,76,83,TTAGG
SUPER_13,2600000,69,76,TTAGG
SUPER_13,2700000,82,74,TTAGG
SUPER_13,2800000,82,78,TTAGG
SUPER_13,2900000,55,77,TTAGG
SUPER_13,3000000,99,82,TTAGG
SUPER_13,3100000,78,80,TTAGG
SUPER_13,3200000,73,84,TTAGG
SUPER_13,3300000,74,79,TTAGG
SUPER_13,3400000,62,66,TTAGG
SUPER_13,3500000,77,73,TTAGG
SUPER_13,3600000,74,77,TTAGG
SUPER_13,3700000,84,75,TTAGG
SUPER_13,3800000,99,64,TTAGG
SUPER_13,3900000,96,73,TTAGG
SUPER_13,4000000,75,95,TTAGG
SUPER_13,4100000,92,93,TTAGG
SUPER_13,4200000,88,78,TTAGG
SUPER_13,4300000,78,88,TTAGG
SUPER_13,4400000,77,85,TTAGG
SUPER_13,4500000,82,87,TTAGG
SUPER_13,4600000,97,82,TTAGG
SUPER_13,4700000,69,96,TTAGG
SUPER_13,4800000,95,80,TTAGG
SUPER_13,4900000,92,99,TTAGG
SUPER_13,5000000,100,77,TTAGG
SUPER_13,5100000,82,77,TTAGG
SUPER_13,5200000,91,80,TTAGG
SUPER_13,5300000,92,73,TTAGG
SUPER_13,5400000,78,92,TTAGG
SUPER_13,5500000,79,98,TTAGG
SUPER_13,5600000,83,74,TTAGG
SUPER_13,5700000,89,66,TTAGG
SUPER_13,5800000,73,86,TTAGG
SUPER_13,5900000,67,73,TTAGG
SUPER_13,6000000,97,88,TTAGG
SUPER_13,6100000,73,73,TTAGG
SUPER_13,6200000,82,77,TTAGG
SUPER_13,6300000,74,78,TTAGG
SUPER_13,6400000,88,92,TTAGG
SUPER_13,6500000,73,78,TTAGG
SUPER_13,6600000,90,94,TTAGG
SUPER_13,6700000,76,85,TTAGG
SUPER_13,6800000,73,69,TTAGG
SUPER_13,6900000,87,92,TTAGG
SUPER_13,7000000,83,79,TTAGG
SUPER_13,7100000,88,82,TTAGG
SUPER_13,7200000,79,72,TTAGG
SUPER_13,7300000,75,59,TTAGG
SUPER_13,7400000,70,71,TTAGG
SUPER_13,7500000,79,71,TTAGG
SUPER_13,7600000,84,88,TTAGG
SUPER_13,7700000,76,81,TTAGG
SUPER_13,7800000,70,90,TTAGG
SUPER_13,7900000,86,83,TTAGG
SUPER_13,8000000,86,77,TTAGG
SUPER_13,8100000,94,80,TTAGG
SUPER_13,8200000,72,77,TTAGG
SUPER_13,8300000,81,76,TTAGG
SUPER_13,8400000,75,91,TTAGG
SUPER_13,8500000,82,80,TTAGG
SUPER_13,8600000,85,96,TTAGG
SUPER_13,8700000,88,76,TTAGG
SUPER_13,8800000,73,74,TTAGG
SUPER_13,8900000,71,87,TTAGG
SUPER_13,9000000,70,82,TTAGG
SUPER_13,9100000,86,85,TTAGG
SUPER_13,9200000,99,77,TTAGG
SUPER_13,9300000,84,94,TTAGG
SUPER_13,9400000,63,77,TTAGG
SUPER_13,9500000,77,89,TTAGG
SUPER_13,9600000,99,75,TTAGG
SUPER_13,9700000,80,104,TTAGG
SUPER_13,9800000,76,81,TTAGG
SUPER_13,9900000,85,80,TTAGG
SUPER_13,10000000,82,94,TTAGG
SUPER_13,10100000,98,109,TTAGG
SUPER_13,10200000,98,81,TTAGG
SUPER_13,10300000,75,71,TTAGG
SUPER_13,10400000,65,82,TTAGG
SUPER_13,10500000,1485,15,TTAGG
SUPER_14,100000,73,112,TTAGG
SUPER_14,200000,91,89,TTAGG
SUPER_14,300000,54,82,TTAGG
SUPER_14,400000,60,76,TTAGG
SUPER_14,500000,96,87,TTAGG
SUPER_14,600000,84,93,TTAGG
SUPER_14,700000,93,87,TTAGG
SUPER_14,800000,93,79,TTAGG
SUPER_14,900000,79,91,TTAGG
SUPER_14,1000000,80,90,TTAGG
SUPER_14,1100000,95,89,TTAGG
SUPER_14,1200000,80,87,TTAGG
SUPER_14,1300000,97,73,TTAGG
SUPER_14,1400000,63,88,TTAGG
SUPER_14,1500000,87,89,TTAGG
SUPER_14,1600000,93,83,TTAGG
SUPER_14,1700000,81,85,TTAGG
SUPER_14,1800000,78,82,TTAGG
SUPER_14,1900000,75,80,TTAGG
SUPER_14,2000000,74,78,TTAGG
SUPER_14,2100000,78,78,TTAGG
SUPER_14,2200000,101,93,TTAGG
SUPER_14,2300000,78,82,TTAGG
SUPER_14,2400000,81,82,TTAGG
SUPER_14,2500000,96,84,TTAGG
SUPER_14,2600000,92,81,TTAGG
SUPER_14,2700000,85,73,TTAGG
SUPER_14,2800000,108,89,TTAGG
SUPER_14,2900000,87,80,TTAGG
SUPER_14,3000000,82,84,TTAGG
SUPER_14,3100000,77,89,TTAGG
SUPER_14,3200000,82,77,TTAGG
SUPER_14,3300000,84,75,TTAGG
SUPER_14,3400000,94,71,TTAGG
SUPER_14,3500000,76,75,TTAGG
SUPER_14,3600000,87,79,TTAGG
SUPER_14,3700000,69,91,TTAGG
SUPER_14,3800000,84,72,TTAGG
SUPER_14,3900000,83,83,TTAGG
SUPER_14,4000000,84,65,TTAGG
SUPER_14,4100000,90,76,TTAGG
SUPER_14,4200000,75,76,TTAGG
SUPER_14,4300000,97,82,TTAGG
SUPER_14,4400000,78,93,TTAGG
SUPER_14,4500000,91,75,TTAGG
SUPER_14,4600000,83,76,TTAGG
SUPER_14,4700000,80,79,TTAGG
SUPER_14,4800000,79,79,TTAGG
SUPER_14,4900000,99,103,TTAGG
SUPER_14,5000000,91,90,TTAGG
SUPER_14,5100000,86,79,TTAGG
SUPER_14,5200000,77,85,TTAGG
SUPER_14,5300000,83,84,TTAGG
SUPER_14,5400000,94,80,TTAGG
SUPER_14,5500000,83,85,TTAGG
SUPER_14,5600000,80,88,TTAGG
SUPER_14,5700000,78,86,TTAGG
SUPER_14,5800000,96,90,TTAGG
SUPER_14,5900000,98,81,TTAGG
SUPER_14,6000000,87,77,TTAGG
SUPER_14,6100000,91,76,TTAGG
SUPER_14,6200000,73,83,TTAGG
SUPER_14,6300000,87,86,TTAGG
SUPER_14,6400000,89,87,TTAGG
SUPER_14,6500000,68,78,TTAGG
SUPER_14,6600000,91,90,TTAGG
SUPER_14,6700000,73,103,TTAGG
SUPER_14,6800000,86,81,TTAGG
SUPER_14,6900000,73,91,TTAGG
SUPER_14,7000000,76,81,TTAGG
SUPER_14,7100000,95,74,TTAGG
SUPER_14,7200000,87,83,TTAGG
SUPER_14,7300000,71,85,TTAGG
SUPER_14,7400000,90,79,TTAGG
SUPER_14,7500000,77,104,TTAGG
SUPER_14,7600000,86,86,TTAGG
SUPER_14,7700000,86,83,TTAGG
SUPER_14,7800000,73,66,TTAGG
SUPER_14,7900000,95,80,TTAGG
SUPER_14,8000000,77,83,TTAGG
SUPER_14,8100000,93,82,TTAGG
SUPER_14,8200000,87,94,TTAGG
SUPER_14,8300000,105,94,TTAGG
SUPER_14,8400000,74,66,TTAGG
SUPER_14,8500000,79,88,TTAGG
SUPER_14,8600000,87,96,TTAGG
SUPER_14,8700000,92,82,TTAGG
SUPER_14,8800000,76,76,TTAGG
SUPER_14,8900000,91,73,TTAGG
SUPER_14,9000000,84,74,TTAGG
SUPER_14,9100000,87,76,TTAGG
SUPER_14,9200000,83,59,TTAGG
SUPER_14,9300000,76,76,TTAGG
SUPER_14,9400000,80,86,TTAGG
SUPER_14,9500000,81,75,TTAGG
SUPER_14,9600000,94,93,TTAGG
SUPER_14,9700000,87,85,TTAGG
SUPER_14,9800000,77,81,TTAGG
SUPER_14,9900000,61,94,TTAGG
SUPER_14,10000000,93,81,TTAGG
SUPER_14,10100000,99,66,TTAGG
SUPER_14,10200000,98,82,TTAGG
SUPER_14,10300000,67,69,TTAGG
SUPER_14,10400000,625,64,TTAGG
SUPER_14,10500000,972,7,TTAGG
SUPER_15,100000,65,1466,TTAGG
SUPER_15,200000,71,61,TTAGG
SUPER_15,300000,90,84,TTAGG
SUPER_15,400000,78,90,TTAGG
SUPER_15,500000,79,74,TTAGG
SUPER_15,600000,100,95,TTAGG
SUPER_15,700000,92,89,TTAGG
SUPER_15,800000,84,84,TTAGG
SUPER_15,900000,88,76,TTAGG
SUPER_15,1000000,86,85,TTAGG
SUPER_15,1100000,74,90,TTAGG
SUPER_15,1200000,57,87,TTAGG
SUPER_15,1300000,73,95,TTAGG
SUPER_15,1400000,91,85,TTAGG
SUPER_15,1500000,92,76,TTAGG
SUPER_15,1600000,58,102,TTAGG
SUPER_15,1700000,97,75,TTAGG
SUPER_15,1800000,87,75,TTAGG
SUPER_15,1900000,96,82,TTAGG
SUPER_15,2000000,67,84,TTAGG
SUPER_15,2100000,84,86,TTAGG
SUPER_15,2200000,104,76,TTAGG
SUPER_15,2300000,81,81,TTAGG
SUPER_15,2400000,85,96,TTAGG
SUPER_15,2500000,84,101,TTAGG
SUPER_15,2600000,82,85,TTAGG
SUPER_15,2700000,79,102,TTAGG
SUPER_15,2800000,93,78,TTAGG
SUPER_15,2900000,88,76,TTAGG
SUPER_15,3000000,80,112,TTAGG
SUPER_15,3100000,91,89,TTAGG
SUPER_15,3200000,96,83,TTAGG
SUPER_15,3300000,75,69,TTAGG
SUPER_15,3400000,81,89,TTAGG
SUPER_15,3500000,101,70,TTAGG
SUPER_15,3600000,72,62,TTAGG
SUPER_15,3700000,95,84,TTAGG
SUPER_15,3800000,90,97,TTAGG
SUPER_15,3900000,82,103,TTAGG
SUPER_15,4000000,78,85,TTAGG
SUPER_15,4100000,71,80,TTAGG
SUPER_15,4200000,72,70,TTAGG
SUPER_15,4300000,85,86,TTAGG
SUPER_15,4400000,76,87,TTAGG
SUPER_15,4500000,80,84,TTAGG
SUPER_15,4600000,78,96,TTAGG
SUPER_15,4700000,93,91,TTAGG
SUPER_15,4800000,93,88,TTAGG
SUPER_15,4900000,71,67,TTAGG
SUPER_15,5000000,73,97,TTAGG
SUPER_15,5100000,84,72,TTAGG
SUPER_15,5200000,87,74,TTAGG
SUPER_15,5300000,70,79,TTAGG
SUPER_15,5400000,88,79,TTAGG
SUPER_15,5500000,68,81,TTAGG
SUPER_15,5600000,87,78,TTAGG
SUPER_15,5700000,83,56,TTAGG
SUPER_15,5800000,68,62,TTAGG
SUPER_15,5900000,74,70,TTAGG
SUPER_15,6000000,72,94,TTAGG
SUPER_15,6100000,74,78,TTAGG
SUPER_15,6200000,88,85,TTAGG
SUPER_15,6300000,75,80,TTAGG
SUPER_15,6400000,93,87,TTAGG
SUPER_15,6500000,84,84,TTAGG
SUPER_15,6600000,72,93,TTAGG
SUPER_15,6700000,88,95,TTAGG
SUPER_15,6800000,88,75,TTAGG
SUPER_15,6900000,74,72,TTAGG
SUPER_15,7000000,72,81,TTAGG
SUPER_15,7100000,82,76,TTAGG
SUPER_15,7200000,65,82,TTAGG
SUPER_15,7300000,82,76,TTAGG
SUPER_15,7400000,86,71,TTAGG
SUPER_15,7500000,86,98,TTAGG
SUPER_15,7600000,83,76,TTAGG
SUPER_15,7700000,94,76,TTAGG
SUPER_15,7800000,83,85,TTAGG
SUPER_15,7900000,81,88,TTAGG
SUPER_15,8000000,73,68,TTAGG
SUPER_15,8100000,86,60,TTAGG
SUPER_15,8200000,77,88,TTAGG
SUPER_15,8300000,102,100,TTAGG
SUPER_15,8400000,96,79,TTAGG
SUPER_15,8500000,64,55,TTAGG
SUPER_15,8600000,85,75,TTAGG
SUPER_15,8700000,68,78,TTAGG
SUPER_15,8800000,90,77,TTAGG
SUPER_15,8900000,91,97,TTAGG
SUPER_15,9000000,74,91,TTAGG
SUPER_15,9100000,88,87,TTAGG
SUPER_15,9200000,90,93,TTAGG
SUPER_15,9300000,70,77,TTAGG
SUPER_15,9400000,77,63,TTAGG
SUPER_15,9500000,73,77,TTAGG
SUPER_15,9600000,112,73,TTAGG
SUPER_15,9700000,76,71,TTAGG
SUPER_15,9800000,82,67,TTAGG
SUPER_15,9900000,76,84,TTAGG
SUPER_15,10000000,93,61,TTAGG
SUPER_15,10100000,84,79,TTAGG
SUPER_15,10200000,88,64,TTAGG
SUPER_15,10300000,356,74,TTAGG
SUPER_15,10400000,370,8,TTAGG
SUPER_16,100000,87,73,TTAGG
SUPER_16,200000,83,63,TTAGG
SUPER_16,300000,68,102,TTAGG
SUPER_16,400000,77,83,TTAGG
SUPER_16,500000,72,87,TTAGG
SUPER_16,600000,74,86,TTAGG
SUPER_16,700000,60,100,TTAGG
SUPER_16,800000,82,89,TTAGG
SUPER_16,900000,88,73,TTAGG
SUPER_16,1000000,70,82,TTAGG
SUPER_16,1100000,81,84,TTAGG
SUPER_16,1200000,83,79,TTAGG
SUPER_16,1300000,78,82,TTAGG
SUPER_16,1400000,59,86,TTAGG
SUPER_16,1500000,62,86,TTAGG
SUPER_16,1600000,86,94,TTAGG
SUPER_16,1700000,76,79,TTAGG
SUPER_16,1800000,78,85,TTAGG
SUPER_16,1900000,64,79,TTAGG
SUPER_16,2000000,86,66,TTAGG
SUPER_16,2100000,81,84,TTAGG
SUPER_16,2200000,69,90,TTAGG
SUPER_16,2300000,74,98,TTAGG
SUPER_16,2400000,70,89,TTAGG
SUPER_16,2500000,80,64,TTAGG
SUPER_16,2600000,87,80,TTAGG
SUPER_16,2700000,77,96,TTAGG
SUPER_16,2800000,96,82,TTAGG
SUPER_16,2900000,64,94,TTAGG
SUPER_16,3000000,78,87,TTAGG
SUPER_16,3100000,98,78,TTAGG
SUPER_16,3200000,81,77,TTAGG
SUPER_16,3300000,91,79,TTAGG
SUPER_16,3400000,84,83,TTAGG
SUPER_16,3500000,92,95,TTAGG
SUPER_16,3600000,57,79,TTAGG
SUPER_16,3700000,69,77,TTAGG
SUPER_16,3800000,91,83,TTAGG
SUPER_16,3900000,88,88,TTAGG
SUPER_16,4000000,79,73,TTAGG
SUPER_16,4100000,106,87,TTAGG
SUPER_16,4200000,102,79,TTAGG
SUPER_16,4300000,92,72,TTAGG
SUPER_16,4400000,102,68,TTAGG
SUPER_16,4500000,74,85,TTAGG
SUPER_16,4600000,89,74,TTAGG
SUPER_16,4700000,79,62,TTAGG
SUPER_16,4800000,82,79,TTAGG
SUPER_16,4900000,78,95,TTAGG
SUPER_16,5000000,84,87,TTAGG
SUPER_16,5100000,70,83,TTAGG
SUPER_16,5200000,77,73,TTAGG
SUPER_16,5300000,76,85,TTAGG
SUPER_16,5400000,62,90,TTAGG
SUPER_16,5500000,74,79,TTAGG
SUPER_16,5600000,90,79,TTAGG
SUPER_16,5700000,75,63,TTAGG
SUPER_16,5800000,71,93,TTAGG
SUPER_16,5900000,80,87,TTAGG
SUPER_16,6000000,73,83,TTAGG
SUPER_16,6100000,76,84,TTAGG
SUPER_16,6200000,90,71,TTAGG
SUPER_16,6300000,86,89,TTAGG
SUPER_16,6400000,92,77,TTAGG
SUPER_16,6500000,76,75,TTAGG
SUPER_16,6600000,84,76,TTAGG
SUPER_16,6700000,79,80,TTAGG
SUPER_16,6800000,91,91,TTAGG
SUPER_16,6900000,80,74,TTAGG
SUPER_16,7000000,84,86,TTAGG
SUPER_16,7100000,105,64,TTAGG
SUPER_16,7200000,80,78,TTAGG
SUPER_16,7300000,73,87,TTAGG
SUPER_16,7400000,81,77,TTAGG
SUPER_16,7500000,82,82,TTAGG
SUPER_16,7600000,69,92,TTAGG
SUPER_16,7700000,78,94,TTAGG
SUPER_16,7800000,79,75,TTAGG
SUPER_16,7900000,60,74,TTAGG
SUPER_16,8000000,84,76,TTAGG
SUPER_16,8100000,87,89,TTAGG
SUPER_16,8200000,91,79,TTAGG
SUPER_16,8300000,106,81,TTAGG
SUPER_16,8400000,74,99,TTAGG
SUPER_16,8500000,95,82,TTAGG
SUPER_16,8600000,69,75,TTAGG
SUPER_16,8700000,85,75,TTAGG
SUPER_16,8800000,96,88,TTAGG
SUPER_16,8900000,77,75,TTAGG
SUPER_16,9000000,83,71,TTAGG
SUPER_16,9100000,84,75,TTAGG
SUPER_16,9200000,86,85,TTAGG
SUPER_16,9300000,87,97,TTAGG
SUPER_16,9400000,90,81,TTAGG
SUPER_16,9500000,76,86,TTAGG
SUPER_16,9600000,75,90,TTAGG
SUPER_16,9700000,101,77,TTAGG
SUPER_16,9800000,84,69,TTAGG
SUPER_16,9900000,86,94,TTAGG
SUPER_16,10000000,61,79,TTAGG
SUPER_16,10100000,73,74,TTAGG
SUPER_16,10200000,74,54,TTAGG
SUPER_17,100000,70,61,TTAGG
SUPER_17,200000,86,75,TTAGG
SUPER_17,300000,64,83,TTAGG
SUPER_17,400000,81,95,TTAGG
SUPER_17,500000,86,75,TTAGG
SUPER_17,600000,72,93,TTAGG
SUPER_17,700000,76,74,TTAGG
SUPER_17,800000,69,93,TTAGG
SUPER_17,900000,90,93,TTAGG
SUPER_17,1000000,81,81,TTAGG
SUPER_17,1100000,92,84,TTAGG
SUPER_17,1200000,80,59,TTAGG
SUPER_17,1300000,80,85,TTAGG
SUPER_17,1400000,80,90,TTAGG
SUPER_17,1500000,86,82,TTAGG
SUPER_17,1600000,71,77,TTAGG
SUPER_17,1700000,81,83,TTAGG
SUPER_17,1800000,79,85,TTAGG
SUPER_17,1900000,76,69,TTAGG
SUPER_17,2000000,91,74,TTAGG
SUPER_17,2100000,87,78,TTAGG
SUPER_17,2200000,84,93,TTAGG
SUPER_17,2300000,80,76,TTAGG
SUPER_17,2400000,89,71,TTAGG
SUPER_17,2500000,81,80,TTAGG
SUPER_17,2600000,94,84,TTAGG
SUPER_17,2700000,77,92,TTAGG
SUPER_17,2800000,66,79,TTAGG
SUPER_17,2900000,97,92,TTAGG
SUPER_17,3000000,97,89,TTAGG
SUPER_17,3100000,87,74,TTAGG
SUPER_17,3200000,83,91,TTAGG
SUPER_17,3300000,81,91,TTAGG
SUPER_17,3400000,77,64,TTAGG
SUPER_17,3500000,75,96,TTAGG
SUPER_17,3600000,96,73,TTAGG
SUPER_17,3700000,78,75,TTAGG
SUPER_17,3800000,105,95,TTAGG
SUPER_17,3900000,81,84,TTAGG
SUPER_17,4000000,71,85,TTAGG
SUPER_17,4100000,83,89,TTAGG
SUPER_17,4200000,77,79,TTAGG
SUPER_17,4300000,84,72,TTAGG
SUPER_17,4400000,70,106,TTAGG
SUPER_17,4500000,69,91,TTAGG
SUPER_17,4600000,89,85,TTAGG
SUPER_17,4700000,84,71,TTAGG
SUPER_17,4800000,72,78,TTAGG
SUPER_17,4900000,76,95,TTAGG
SUPER_17,5000000,76,78,TTAGG
SUPER_17,5100000,114,84,TTAGG
SUPER_17,5200000,81,105,TTAGG
SUPER_17,5300000,86,84,TTAGG
SUPER_17,5400000,92,99,TTAGG
SUPER_17,5500000,83,84,TTAGG
SUPER_17,5600000,71,71,TTAGG
SUPER_17,5700000,74,79,TTAGG
SUPER_17,5800000,81,80,TTAGG
SUPER_17,5900000,96,88,TTAGG
SUPER_17,6000000,85,77,TTAGG
SUPER_17,6100000,103,90,TTAGG
SUPER_17,6200000,88,71,TTAGG
SUPER_17,6300000,79,100,TTAGG
SUPER_17,6400000,85,80,TTAGG
SUPER_17,6500000,100,89,TTAGG
SUPER_17,6600000,86,84,TTAGG
SUPER_17,6700000,82,93,TTAGG
SUPER_17,6800000,95,71,TTAGG
SUPER_17,6900000,84,86,TTAGG
SUPER_17,7000000,65,81,TTAGG
SUPER_17,7100000,74,81,TTAGG
SUPER_17,7200000,79,92,TTAGG
SUPER_17,7300000,86,95,TTAGG
SUPER_17,7400000,107,92,TTAGG
SUPER_17,7500000,73,82,TTAGG
SUPER_17,7600000,85,62,TTAGG
SUPER_17,7700000,86,83,TTAGG
SUPER_17,7800000,76,89,TTAGG
SUPER_17,7900000,90,85,TTAGG
SUPER_17,8000000,90,83,TTAGG
SUPER_17,8100000,83,85,TTAGG
SUPER_17,8200000,82,70,TTAGG
SUPER_17,8300000,86,96,TTAGG
SUPER_17,8400000,75,89,TTAGG
SUPER_17,8500000,84,80,TTAGG
SUPER_17,8600000,77,76,TTAGG
SUPER_17,8700000,84,92,TTAGG
SUPER_17,8800000,77,81,TTAGG
SUPER_17,8900000,98,90,TTAGG
SUPER_17,9000000,72,93,TTAGG
SUPER_17,9100000,90,83,TTAGG
SUPER_17,9200000,77,95,TTAGG
SUPER_17,9300000,73,82,TTAGG
SUPER_17,9400000,64,82,TTAGG
SUPER_17,9500000,91,77,TTAGG
SUPER_17,9600000,86,73,TTAGG
SUPER_17,9700000,70,93,TTAGG
SUPER_17,9800000,68,65,TTAGG
SUPER_17,9900000,581,70,TTAGG
SUPER_17,10000000,23,6,TTAGG
SUPER_18,100000,86,333,TTAGG
SUPER_18,200000,93,83,TTAGG
SUPER_18,300000,86,81,TTAGG
SUPER_18,400000,85,92,TTAGG
SUPER_18,500000,71,67,TTAGG
SUPER_18,600000,87,72,TTAGG
SUPER_18,700000,68,67,TTAGG
SUPER_18,800000,78,94,TTAGG
SUPER_18,900000,85,87,TTAGG
SUPER_18,1000000,80,68,TTAGG
SUPER_18,1100000,77,78,TTAGG
SUPER_18,1200000,91,87,TTAGG
SUPER_18,1300000,89,80,TTAGG
SUPER_18,1400000,101,96,TTAGG
SUPER_18,1500000,75,90,TTAGG
SUPER_18,1600000,83,95,TTAGG
SUPER_18,1700000,90,79,TTAGG
SUPER_18,1800000,93,78,TTAGG
SUPER_18,1900000,69,81,TTAGG
SUPER_18,2000000,81,99,TTAGG
SUPER_18,2100000,96,100,TTAGG
SUPER_18,2200000,85,78,TTAGG
SUPER_18,2300000,87,90,TTAGG
SUPER_18,2400000,77,77,TTAGG
SUPER_18,2500000,79,73,TTAGG
SUPER_18,2600000,70,87,TTAGG
SUPER_18,2700000,75,89,TTAGG
SUPER_18,2800000,81,90,TTAGG
SUPER_18,2900000,79,75,TTAGG
SUPER_18,3000000,82,82,TTAGG
SUPER_18,3100000,97,78,TTAGG
SUPER_18,3200000,91,77,TTAGG
SUPER_18,3300000,92,72,TTAGG
SUPER_18,3400000,68,90,TTAGG
SUPER_18,3500000,79,87,TTAGG
SUPER_18,3600000,79,68,TTAGG
SUPER_18,3700000,86,87,TTAGG
SUPER_18,3800000,76,75,TTAGG
SUPER_18,3900000,85,89,TTAGG
SUPER_18,4000000,89,103,TTAGG
SUPER_18,4100000,65,86,TTAGG
SUPER_18,4200000,82,84,TTAGG
SUPER_18,4300000,77,74,TTAGG
SUPER_18,4400000,84,82,TTAGG
SUPER_18,4500000,99,75,TTAGG
SUPER_18,4600000,96,80,TTAGG
SUPER_18,4700000,90,88,TTAGG
SUPER_18,4800000,81,104,TTAGG
SUPER_18,4900000,78,75,TTAGG
SUPER_18,5000000,66,82,TTAGG
SUPER_18,5100000,101,82,TTAGG
SUPER_18,5200000,88,70,TTAGG
SUPER_18,5300000,75,79,TTAGG
SUPER_18,5400000,75,95,TTAGG
SUPER_18,5500000,94,76,TTAGG
SUPER_18,5600000,93,86,TTAGG
SUPER_18,5700000,82,103,TTAGG
SUPER_18,5800000,91,86,TTAGG
SUPER_18,5900000,67,79,TTAGG
SUPER_18,6000000,97,85,TTAGG
SUPER_18,6100000,91,87,TTAGG
SUPER_18,6200000,90,93,TTAGG
SUPER_18,6300000,85,96,TTAGG
SUPER_18,6400000,79,86,TTAGG
SUPER_18,6500000,94,81,TTAGG
SUPER_18,6600000,71,99,TTAGG
SUPER_18,6700000,86,77,TTAGG
SUPER_18,6800000,77,94,TTAGG
SUPER_18,6900000,81,108,TTAGG
SUPER_18,7000000,75,80,TTAGG
SUPER_18,7100000,72,91,TTAGG
SUPER_18,7200000,75,87,TTAGG
SUPER_18,7300000,100,89,TTAGG
SUPER_18,7400000,84,81,TTAGG
SUPER_18,7500000,73,100,TTAGG
SUPER_18,7600000,91,99,TTAGG
SUPER_18,7700000,75,88,TTAGG
SUPER_18,7800000,84,82,TTAGG
SUPER_18,7900000,83,88,TTAGG
SUPER_18,8000000,94,77,TTAGG
SUPER_18,8100000,78,85,TTAGG
SUPER_18,8200000,79,79,TTAGG
SUPER_18,8300000,89,81,TTAGG
SUPER_18,8400000,87,105,TTAGG
SUPER_18,8500000,75,92,TTAGG
SUPER_18,8600000,84,77,TTAGG
SUPER_18,8700000,86,79,TTAGG
SUPER_18,8800000,66,79,TTAGG
SUPER_18,8900000,79,87,TTAGG
SUPER_18,9000000,89,81,TTAGG
SUPER_18,9100000,88,95,TTAGG
SUPER_18,9200000,72,77,TTAGG
SUPER_18,9300000,83,73,TTAGG
SUPER_18,9400000,372,56,TTAGG
SUPER_19,100000,66,178,TTAGG
SUPER_19,200000,91,67,TTAGG
SUPER_19,300000,82,64,TTAGG
SUPER_19,400000,80,102,TTAGG
SUPER_19,500000,97,86,TTAGG
SUPER_19,600000,91,89,TTAGG
SUPER_19,700000,86,70,TTAGG
SUPER_19,800000,72,83,TTAGG
SUPER_19,900000,79,93,TTAGG
SUPER_19,1000000,75,95,TTAGG
SUPER_19,1100000,87,89,TTAGG
SUPER_19,1200000,87,90,TTAGG
SUPER_19,1300000,91,90,TTAGG
SUPER_19,1400000,75,87,TTAGG
SUPER_19,1500000,86,89,TTAGG
SUPER_19,1600000,83,92,TTAGG
SUPER_19,1700000,86,89,TTAGG
SUPER_19,1800000,80,83,TTAGG
SUPER_19,1900000,87,79,TTAGG
SUPER_19,2000000,90,79,TTAGG
SUPER_19,2100000,98,71,TTAGG
SUPER_19,2200000,72,87,TTAGG
SUPER_19,2300000,80,99,TTAGG
SUPER_19,2400000,98,72,TTAGG
SUPER_19,2500000,65,81,TTAGG
SUPER_19,2600000,80,75,TTAGG
SUPER_19,2700000,85,96,TTAGG
SUPER_19,2800000,88,81,TTAGG
SUPER_19,2900000,106,91,TTAGG
SUPER_19,3000000,73,89,TTAGG
SUPER_19,3100000,94,65,TTAGG
SUPER_19,3200000,77,89,TTAGG
SUPER_19,3300000,88,82,TTAGG
SUPER_19,3400000,88,87,TTAGG
SUPER_19,3500000,77,91,TTAGG
SUPER_19,3600000,79,80,TTAGG
SUPER_19,3700000,70,93,TTAGG
SUPER_19,3800000,84,64,TTAGG
SUPER_19,3900000,76,82,TTAGG
SUPER_19,4000000,66,86,TTAGG
SUPER_19,4100000,77,95,TTAGG
SUPER_19,4200000,77,85,TTAGG
SUPER_19,4300000,95,53,TTAGG
SUPER_19,4400000,93,107,TTAGG
SUPER_19,4500000,75,81,TTAGG
SUPER_19,4600000,66,87,TTAGG
SUPER_19,4700000,94,89,TTAGG
SUPER_19,4800000,78,64,TTAGG
SUPER_19,4900000,73,82,TTAGG
SUPER_19,5000000,94,71,TTAGG
SUPER_19,5100000,89,80,TTAGG
SUPER_19,5200000,79,85,TTAGG
SUPER_19,5300000,80,84,TTAGG
SUPER_19,5400000,69,73,TTAGG
SUPER_19,5500000,76,87,TTAGG
SUPER_19,5600000,69,80,TTAGG
SUPER_19,5700000,82,95,TTAGG
SUPER_19,5800000,83,87,TTAGG
SUPER_19,5900000,72,100,TTAGG
SUPER_19,6000000,84,91,TTAGG
SUPER_19,6100000,76,67,TTAGG
SUPER_19,6200000,83,83,TTAGG
SUPER_19,6300000,78,89,TTAGG
SUPER_19,6400000,83,95,TTAGG
SUPER_19,6500000,85,74,TTAGG
SUPER_19,6600000,87,65,TTAGG
SUPER_19,6700000,68,103,TTAGG
SUPER_19,6800000,80,71,TTAGG
SUPER_19,6900000,67,102,TTAGG
SUPER_19,7000000,80,95,TTAGG
SUPER_19,7100000,85,99,TTAGG
SUPER_19,7200000,71,79,TTAGG
SUPER_19,7300000,99,89,TTAGG
SUPER_19,7400000,82,78,TTAGG
SUPER_19,7500000,72,85,TTAGG
SUPER_19,7600000,80,103,TTAGG
SUPER_19,7700000,88,82,TTAGG
SUPER_19,7800000,75,86,TTAGG
SUPER_19,7900000,89,81,TTAGG
SUPER_19,8000000,88,89,TTAGG
SUPER_19,8100000,77,84,TTAGG
SUPER_19,8200000,92,88,TTAGG
SUPER_19,8300000,88,88,TTAGG
SUPER_19,8400000,87,89,TTAGG
SUPER_19,8500000,64,89,TTAGG
SUPER_19,8600000,82,83,TTAGG
SUPER_19,8700000,79,75,TTAGG
SUPER_19,8800000,94,80,TTAGG
SUPER_19,8900000,81,87,TTAGG
SUPER_19,9000000,79,82,TTAGG
SUPER_19,9100000,84,89,TTAGG
SUPER_19,9200000,82,85,TTAGG
SUPER_19,9300000,257,12,TTAGG
SUPER_20,100000,64,1090,TTAGG
SUPER_20,200000,79,65,TTAGG
SUPER_20,300000,79,80,TTAGG
SUPER_20,400000,65,89,TTAGG
SUPER_20,500000,78,94,TTAGG
SUPER_20,600000,85,84,TTAGG
SUPER_20,700000,70,97,TTAGG
SUPER_20,800000,87,82,TTAGG
SUPER_20,900000,78,82,TTAGG
SUPER_20,1000000,58,72,TTAGG
SUPER_20,1100000,86,116,TTAGG
SUPER_20,1200000,78,73,TTAGG
SUPER_20,1300000,82,86,TTAGG
SUPER_20,1400000,72,73,TTAGG
SUPER_20,1500000,86,67,TTAGG
SUPER_20,1600000,80,95,TTAGG
SUPER_20,1700000,75,89,TTAGG
SUPER_20,1800000,88,86,TTAGG
SUPER_20,1900000,76,73,TTAGG
SUPER_20,2000000,85,78,TTAGG
SUPER_20,2100000,61,71,TTAGG
SUPER_20,2200000,78,73,TTAGG
SUPER_20,2300000,79,87,TTAGG
SUPER_20,2400000,85,89,TTAGG
SUPER_20,2500000,77,65,TTAGG
SUPER_20,2600000,84,64,TTAGG
SUPER_20,2700000,87,86,TTAGG
SUPER_20,2800000,88,78,TTAGG
SUPER_20,2900000,73,88,TTAGG
SUPER_20,3000000,84,77,TTAGG
SUPER_20,3100000,91,82,TTAGG
SUPER_20,3200000,81,93,TTAGG
SUPER_20,3300000,84,92,TTAGG
SUPER_20,3400000,89,88,TTAGG
SUPER_20,3500000,86,79,TTAGG
SUPER_20,3600000,88,77,TTAGG
SUPER_20,3700000,57,82,TTAGG
SUPER_20,3800000,77,100,TTAGG
SUPER_20,3900000,72,78,TTAGG
SUPER_20,4000000,93,80,TTAGG
SUPER_20,4100000,69,81,TTAGG
SUPER_20,4200000,73,65,TTAGG
SUPER_20,4300000,79,72,TTAGG
SUPER_20,4400000,86,74,TTAGG
SUPER_20,4500000,99,74,TTAGG
SUPER_20,4600000,76,75,TTAGG
SUPER_20,4700000,73,79,TTAGG
SUPER_20,4800000,71,81,TTAGG
SUPER_20,4900000,72,74,TTAGG
SUPER_20,5000000,107,84,TTAGG
SUPER_20,5100000,66,85,TTAGG
SUPER_20,5200000,82,93,TTAGG
SUPER_20,5300000,87,83,TTAGG
SUPER_20,5400000,76,80,TTAGG
SUPER_20,5500000,98,92,TTAGG
SUPER_20,5600000,96,87,TTAGG
SUPER_20,5700000,83,85,TTAGG
SUPER_20,5800000,84,79,TTAGG
SUPER_20,5900000,99,74,TTAGG
SUPER_20,6000000,80,78,TTAGG
SUPER_20,6100000,81,84,TTAGG
SUPER_20,6200000,89,80,TTAGG
SUPER_20,6300000,75,89,TTAGG
SUPER_20,6400000,87,94,TTAGG
SUPER_20,6500000,85,81,TTAGG
SUPER_20,6600000,98,90,TTAGG
SUPER_20,6700000,70,93,TTAGG
SUPER_20,6800000,104,75,TTAGG
SUPER_20,6900000,77,93,TTAGG
SUPER_20,7000000,100,82,TTAGG
SUPER_20,7100000,94,85,TTAGG
SUPER_20,7200000,87,81,TTAGG
SUPER_20,7300000,89,88,TTAGG
SUPER_20,7400000,82,86,TTAGG
SUPER_20,7500000,86,78,TTAGG
SUPER_20,7600000,67,62,TTAGG
SUPER_20,7700000,78,68,TTAGG
SUPER_20,7800000,100,74,TTAGG
SUPER_20,7900000,85,72,TTAGG
SUPER_20,8000000,74,84,TTAGG
SUPER_20,8100000,78,60,TTAGG
SUPER_20,8200000,103,82,TTAGG
SUPER_20,8300000,65,86,TTAGG
SUPER_20,8400000,81,81,TTAGG
SUPER_20,8500000,87,82,TTAGG
SUPER_20,8600000,97,64,TTAGG
SUPER_20,8700000,83,68,TTAGG
SUPER_20,8800000,82,78,TTAGG
SUPER_20,8900000,76,80,TTAGG
SUPER_20,9000000,21,28,TTAGG
SUPER_21,100000,60,2161,TTAGG
SUPER_21,200000,75,94,TTAGG
SUPER_21,300000,69,65,TTAGG
SUPER_21,400000,66,93,TTAGG
SUPER_21,500000,87,67,TTAGG
SUPER_21,600000,79,80,TTAGG
SUPER_21,700000,80,84,TTAGG
SUPER_21,800000,70,82,TTAGG
SUPER_21,900000,68,93,TTAGG
SUPER_21,1000000,78,70,TTAGG
SUPER_21,1100000,76,73,TTAGG
SUPER_21,1200000,92,74,TTAGG
SUPER_21,1300000,64,83,TTAGG
SUPER_21,1400000,90,94,TTAGG
SUPER_21,1500000,88,84,TTAGG
SUPER_21,1600000,139,74,TTAGG
SUPER_21,1700000,73,90,TTAGG
SUPER_21,1800000,73,84,TTAGG
SUPER_21,1900000,92,75,TTAGG
SUPER_21,2000000,75,70,TTAGG
SUPER_21,2100000,98,62,TTAGG
SUPER_21,2200000,85,83,TTAGG
SUPER_21,2300000,93,90,TTAGG
SUPER_21,2400000,97,82,TTAGG
SUPER_21,2500000,98,94,TTAGG
SUPER_21,2600000,84,81,TTAGG
SUPER_21,2700000,92,78,TTAGG
SUPER_21,2800000,91,93,TTAGG
SUPER_21,2900000,61,87,TTAGG
SUPER_21,3000000,74,72,TTAGG
SUPER_21,3100000,86,74,TTAGG
SUPER_21,3200000,88,93,TTAGG
SUPER_21,3300000,88,93,TTAGG
SUPER_21,3400000,85,91,TTAGG
SUPER_21,3500000,83,66,TTAGG
SUPER_21,3600000,98,92,TTAGG
SUPER_21,3700000,98,85,TTAGG
SUPER_21,3800000,80,61,TTAGG
SUPER_21,3900000,96,82,TTAGG
SUPER_21,4000000,78,94,TTAGG
SUPER_21,4100000,62,88,TTAGG
SUPER_21,4200000,79,76,TTAGG
SUPER_21,4300000,86,78,TTAGG
SUPER_21,4400000,90,88,TTAGG
SUPER_21,4500000,88,79,TTAGG
SUPER_21,4600000,90,72,TTAGG
SUPER_21,4700000,78,76,TTAGG
SUPER_21,4800000,92,84,TTAGG
SUPER_21,4900000,99,77,TTAGG
SUPER_21,5000000,78,76,TTAGG
SUPER_21,5100000,91,78,TTAGG
SUPER_21,5200000,70,102,TTAGG
SUPER_21,5300000,85,73,TTAGG
SUPER_21,5400000,89,81,TTAGG
SUPER_21,5500000,73,91,TTAGG
SUPER_21,5600000,83,90,TTAGG
SUPER_21,5700000,89,95,TTAGG
SUPER_21,5800000,70,91,TTAGG
SUPER_21,5900000,90,74,TTAGG
SUPER_21,6000000,72,86,TTAGG
SUPER_21,6100000,86,79,TTAGG
SUPER_21,6200000,93,78,TTAGG
SUPER_21,6300000,84,62,TTAGG
SUPER_21,6400000,77,97,TTAGG
SUPER_21,6500000,91,85,TTAGG
SUPER_21,6600000,70,95,TTAGG
SUPER_21,6700000,71,108,TTAGG
SUPER_21,6800000,91,85,TTAGG
SUPER_21,6900000,85,87,TTAGG
SUPER_21,7000000,84,87,TTAGG
SUPER_21,7100000,96,94,TTAGG
SUPER_21,7200000,92,78,TTAGG
SUPER_21,7300000,70,84,TTAGG
SUPER_21,7400000,78,86,TTAGG
SUPER_21,7500000,93,86,TTAGG
SUPER_21,7600000,93,78,TTAGG
SUPER_21,7700000,93,59,TTAGG
SUPER_21,7800000,67,76,TTAGG
SUPER_21,7900000,88,79,TTAGG
SUPER_21,8000000,85,83,TTAGG
SUPER_21,8100000,76,71,TTAGG
SUPER_21,8200000,74,90,TTAGG
SUPER_21,8300000,59,65,TTAGG
SUPER_21,8400000,92,79,TTAGG
SUPER_21,8500000,147,33,TTAGG
SUPER_22,100000,69,79,TTAGG
SUPER_22,200000,90,80,TTAGG
SUPER_22,300000,76,98,TTAGG
SUPER_22,400000,81,93,TTAGG
SUPER_22,500000,84,86,TTAGG
SUPER_22,600000,81,75,TTAGG
SUPER_22,700000,115,90,TTAGG
SUPER_22,800000,62,79,TTAGG
SUPER_22,900000,85,53,TTAGG
SUPER_22,1000000,78,74,TTAGG
SUPER_22,1100000,84,77,TTAGG
SUPER_22,1200000,75,76,TTAGG
SUPER_22,1300000,73,87,TTAGG
SUPER_22,1400000,80,81,TTAGG
SUPER_22,1500000,90,91,TTAGG
SUPER_22,1600000,79,79,TTAGG
SUPER_22,1700000,81,76,TTAGG
SUPER_22,1800000,91,68,TTAGG
SUPER_22,1900000,83,80,TTAGG
SUPER_22,2000000,81,87,TTAGG
SUPER_22,2100000,73,77,TTAGG
SUPER_22,2200000,88,85,TTAGG
SUPER_22,2300000,80,97,TTAGG
SUPER_22,2400000,60,78,TTAGG
SUPER_22,2500000,77,92,TTAGG
SUPER_22,2600000,81,87,TTAGG
SUPER_22,2700000,79,75,TTAGG
SUPER_22,2800000,86,96,TTAGG
SUPER_22,2900000,87,72,TTAGG
SUPER_22,3000000,92,74,TTAGG
SUPER_22,3100000,79,77,TTAGG
SUPER_22,3200000,84,85,TTAGG
SUPER_22,3300000,67,66,TTAGG
SUPER_22,3400000,82,66,TTAGG
SUPER_22,3500000,88,70,TTAGG
SUPER_22,3600000,62,104,TTAGG
SUPER_22,3700000,65,95,TTAGG
SUPER_22,3800000,71,70,TTAGG
SUPER_22,3900000,74,73,TTAGG
SUPER_22,4000000,82,93,TTAGG
SUPER_22,4100000,72,82,TTAGG
SUPER_22,4200000,83,75,TTAGG
SUPER_22,4300000,78,100,TTAGG
SUPER_22,4400000,86,93,TTAGG
SUPER_22,4500000,88,64,TTAGG
SUPER_22,4600000,83,83,TTAGG
SUPER_22,4700000,86,86,TTAGG
SUPER_22,4800000,86,79,TTAGG
SUPER_22,4900000,91,87,TTAGG
SUPER_22,5000000,78,93,TTAGG
SUPER_22,5100000,74,102,TTAGG
SUPER_22,5200000,96,84,TTAGG
SUPER_22,5300000,87,69,TTAGG
SUPER_22,5400000,86,75,TTAGG
SUPER_22,5500000,76,70,TTAGG
SUPER_22,5600000,86,87,TTAGG
SUPER_22,5700000,78,69,TTAGG
SUPER_22,5800000,73,73,TTAGG
SUPER_22,5900000,77,78,TTAGG
SUPER_22,6000000,91,86,TTAGG
SUPER_22,6100000,102,71,TTAGG
SUPER_22,6200000,100,89,TTAGG
SUPER_22,6300000,77,89,TTAGG
SUPER_22,6400000,85,80,TTAGG
SUPER_22,6500000,81,88,TTAGG
SUPER_22,6600000,85,90,TTAGG
SUPER_22,6700000,90,71,TTAGG
SUPER_22,6800000,90,83,TTAGG
SUPER_22,6900000,75,94,TTAGG
SUPER_22,7000000,80,74,TTAGG
SUPER_22,7100000,78,94,TTAGG
SUPER_22,7200000,66,76,TTAGG
SUPER_22,7300000,86,83,TTAGG
SUPER_22,7400000,84,68,TTAGG
SUPER_22,7500000,66,80,TTAGG
SUPER_22,7600000,2410,52,TTAGG
SUPER_23,100000,50,565,TTAGG
SUPER_23,200000,47,79,TTAGG
SUPER_23,300000,37,87,TTAGG
SUPER_23,400000,88,66,TTAGG
SUPER_23,500000,69,69,TTAGG
SUPER_23,600000,84,66,TTAGG
SUPER_23,700000,85,71,TTAGG
SUPER_23,800000,91,71,TTAGG
SUPER_23,900000,78,82,TTAGG
SUPER_23,1000000,92,79,TTAGG
SUPER_23,1100000,79,87,TTAGG
SUPER_23,1200000,82,76,TTAGG
SUPER_23,1300000,95,93,TTAGG
SUPER_23,1400000,76,69,TTAGG
SUPER_23,1500000,81,89,TTAGG
SUPER_23,1600000,88,73,TTAGG
SUPER_23,1700000,64,70,TTAGG
SUPER_23,1800000,63,63,TTAGG
SUPER_23,1900000,77,68,TTAGG
SUPER_23,2000000,99,80,TTAGG
SUPER_23,2100000,86,87,TTAGG
SUPER_23,2200000,93,94,TTAGG
SUPER_23,2300000,84,90,TTAGG
SUPER_23,2400000,87,77,TTAGG
SUPER_23,2500000,89,92,TTAGG
SUPER_23,2600000,82,76,TTAGG
SUPER_23,2700000,76,65,TTAGG
SUPER_23,2800000,64,89,TTAGG
SUPER_23,2900000,84,72,TTAGG
SUPER_23,3000000,63,69,TTAGG
SUPER_23,3100000,89,89,TTAGG
SUPER_23,3200000,84,89,TTAGG
SUPER_23,3300000,82,75,TTAGG
SUPER_23,3400000,79,75,TTAGG
SUPER_23,3500000,77,83,TTAGG
SUPER_23,3600000,83,102,TTAGG
SUPER_23,3700000,93,83,TTAGG
SUPER_23,3800000,90,88,TTAGG
SUPER_23,3900000,77,77,TTAGG
SUPER_23,4000000,107,78,TTAGG
SUPER_23,4100000,81,71,TTAGG
SUPER_23,4200000,80,85,TTAGG
SUPER_23,4300000,95,89,TTAGG
SUPER_23,4400000,93,95,TTAGG
SUPER_23,4500000,85,80,TTAGG
SUPER_23,4600000,74,85,TTAGG
SUPER_23,4700000,97,60,TTAGG
SUPER_23,4800000,77,82,TTAGG
SUPER_23,4900000,95,73,TTAGG
SUPER_23,5000000,95,73,TTAGG
SUPER_23,5100000,80,95,TTAGG
SUPER_23,5200000,91,90,TTAGG
SUPER_23,5300000,96,87,TTAGG
SUPER_23,5400000,837,64,TTAGG
SUPER_24,100000,71,600,TTAGG
SUPER_24,200000,83,82,TTAGG
SUPER_24,300000,84,77,TTAGG
SUPER_24,400000,76,92,TTAGG
SUPER_24,500000,85,80,TTAGG
SUPER_24,600000,84,95,TTAGG
SUPER_24,700000,86,101,TTAGG
SUPER_24,800000,75,78,TTAGG
SUPER_24,900000,77,86,TTAGG
SUPER_24,1000000,68,83,TTAGG
SUPER_24,1100000,91,67,TTAGG
SUPER_24,1200000,77,92,TTAGG
SUPER_24,1300000,72,62,TTAGG
SUPER_24,1400000,57,95,TTAGG
SUPER_24,1500000,75,74,TTAGG
SUPER_24,1600000,83,88,TTAGG
SUPER_24,1700000,76,65,TTAGG
SUPER_24,1800000,74,84,TTAGG
SUPER_24,1900000,91,96,TTAGG
SUPER_24,2000000,76,79,TTAGG
SUPER_24,2100000,101,78,TTAGG
SUPER_24,2200000,76,85,TTAGG
SUPER_24,2300000,85,73,TTAGG
SUPER_24,2400000,71,59,TTAGG
SUPER_24,2500000,85,69,TTAGG
SUPER_24,2600000,75,80,TTAGG
SUPER_24,2700000,70,67,TTAGG
SUPER_24,2800000,71,72,TTAGG
SUPER_24,2900000,77,68,TTAGG
SUPER_24,3000000,81,72,TTAGG
SUPER_24,3100000,87,77,TTAGG
SUPER_24,3200000,76,94,TTAGG
SUPER_24,3300000,88,62,TTAGG
SUPER_24,3400000,86,82,TTAGG
SUPER_24,3500000,72,101,TTAGG
SUPER_24,3600000,75,71,TTAGG
SUPER_24,3700000,84,93,TTAGG
SUPER_24,3800000,94,84,TTAGG
SUPER_24,3900000,85,92,TTAGG
SUPER_24,4000000,76,97,TTAGG
SUPER_24,4100000,87,86,TTAGG
SUPER_24,4200000,70,74,TTAGG
SUPER_24,4300000,85,61,TTAGG
SUPER_24,4400000,52,77,TTAGG
SUPER_24,4500000,75,67,TTAGG
SUPER_24,4600000,76,84,TTAGG
SUPER_24,4700000,65,84,TTAGG
SUPER_24,4800000,78,89,TTAGG
SUPER_24,4900000,100,85,TTAGG
SUPER_24,5000000,76,82,TTAGG
SUPER_24,5100000,87,70,TTAGG
SUPER_24,5200000,23,67,TTAGG
SUPER_24,5300000,3,16,TTAGG
SUPER_W,100000,76,367,TTAGG
SUPER_W,200000,100,74,TTAGG
SUPER_W,300000,73,57,TTAGG
SUPER_W,400000,70,80,TTAGG
SUPER_W,500000,68,71,TTAGG
SUPER_W,600000,84,74,TTAGG
SUPER_W,700000,73,77,TTAGG
SUPER_W,800000,96,84,TTAGG
SUPER_W,900000,78,87,TTAGG
SUPER_W,1000000,83,52,TTAGG
SUPER_W,1100000,95,61,TTAGG
SUPER_W,1200000,60,68,TTAGG
SUPER_W,1300000,56,80,TTAGG
SUPER_W,1400000,80,87,TTAGG
SUPER_W,1500000,91,82,TTAGG
SUPER_W,1600000,72,78,TTAGG
SUPER_W,1700000,62,92,TTAGG
SUPER_W,1800000,94,98,TTAGG
SUPER_W,1900000,86,95,TTAGG
SUPER_W,2000000,63,73,TTAGG
SUPER_W,2100000,75,86,TTAGG
SUPER_W,2200000,82,78,TTAGG
SUPER_W,2300000,39,63,TTAGG
SUPER_W,2400000,76,79,TTAGG
SUPER_W,2500000,80,69,TTAGG
SUPER_W,2600000,69,44,TTAGG
SUPER_W,2700000,67,76,TTAGG
SUPER_W,2800000,62,75,TTAGG
SUPER_W,2900000,64,60,TTAGG
SUPER_W,3000000,62,62,TTAGG
SUPER_W,3100000,84,79,TTAGG
SUPER_W,3200000,23,25,TTAGG
scaffold_28_ctg1,100000,57,1916,TTAGG
scaffold_31_ctg1,100000,26,42,TTAGG
scaffold_33_ctg1,100000,3,5767,TTAGG
scaffold_34_ctg1,100000,2,23,TTAGG
scaffold_35_ctg1,100000,3,24,TTAGG
scaffold_36_ctg1,100000,12,2034,TTAGG
scaffold_37_ctg1,100000,1005,7,TTAGG
scaffold_38_ctg1,100000,376,17,TTAGG
scaffold_40_ctg1,100000,4,15,TTAGG
scaffold_41_ctg1,100000,2193,5,TTAGG
scaffold_42_ctg1,100000,11,396,TTAGG
scaffold_43_ctg1,100000,3,10,TTAGG
scaffold_44_ctg1,100000,1,10,TTAGG
scaffold_MT,100000,29,25,TTAGG
