Phylum,Order,Family,Species,Telomeric repeat,Notes,Ref,Plot?
Annelida,Crassiclitellata,Lumbricidae,Lumbricus rubellus,AAGGAC,G,,
Annelida,Hirudinida,Piscicolidae,Piscicola geometra,AACCCT,G,"Jha, A. N., et al. ""Localization of a vertebrate telomeric sequence in the chromosomes of two marine worms (phylum Annelida: class polychaeta)."" Chromosome Research 3.8 (1995): 507-508.",
Annelida,Phyllodocida,Nereididae,Alitta virens,AACCCT,G,"Vitturi, Roberto, et al. ""Physical mapping of rDNA genes,(TTAGGG) n telomeric sequence and other karyological features in two earthworms of the family Lumbricidae (Annelida: Oligochaeta)."" Heredity 85.3 (2000): 203-207.",
Annelida,Phyllodocida,Polynoidae,Harmothoe impar,AACCCT,G,"Traut, Walther, et al. ""The telomere repeat motif of basal Metazoa."" Chromosome research 15.3 (2007): 371-382.",
Annelida,Phyllodocida,Polynoidae,Lepidonotus clava,AACCCT,G,,
Annelida,Phyllodocida,Sigalionidae,Sthenelais limicola,AACCCT,G,,
Apicomplexa,Eucoccidiorida,Eimeriidae,Eimeria tenella,AAACCCT,G,"Shirley, M. W. ""The genome of Eimeria spp., with special reference to Eimeria tenella—a coccidium from the chicken."" International journal for parasitology 30.4 (2000): 485-493.",
Arthropoda,Coleoptera,Attelabidae,Apoderus coryli,AACCC,G. Beetles seem to be heterogeneous at least in terms of repeated losses of the ancestral repeat.,"Frydrychová, Radmila, and František Marec. ""Repeated losses of TTAGG telomere repeats in evolution of beetles (Coleoptera)."" Genetica 115.2 (2002): 179-187.

Kuznetsova, Valentina, Snejana Grozeva, and Vladimir Gokhman. ""Telomere structure in insects: A review."" Journal of Zoological Systematics and Evolutionary Research 58.1 (2020): 127-158.
",
Arthropoda,Coleoptera,Buprestidae,Agrilus cyanescens,AACCT,G,,
Arthropoda,Coleoptera,Cantharidae,Cantharis rufa,AACCT,G,,
Arthropoda,Coleoptera,Cantharidae,Cantharis rustica,AACCT,G,,
Arthropoda,Coleoptera,Cantharidae,Podabrus alpinus,AACCT,G,,
Arthropoda,Coleoptera,Cantharidae,Rhagonycha fulva,AACCT,G,,
Arthropoda,Coleoptera,Carabidae,Agonum fuliginosum,AACCT,G. Contains much other repeat content in genome. E.g. AAATGTG,,
Arthropoda,Coleoptera,Carabidae,Leistus spinibarbis,AACCT,G,,
Arthropoda,Coleoptera,Carabidae,Nebria brevicollis,AACCT,G,,
Arthropoda,Coleoptera,Carabidae,Nebria salina,AACCT,G,,
Arthropoda,Coleoptera,Carabidae,Ophonus ardosiacus,AACCT,G,,
Arthropoda,Coleoptera,Carabidae,Pterostichus madidus,AACCT,G,,
Arthropoda,Coleoptera,Carabidae,Pterostichus niger,AACCT,G,,
Arthropoda,Coleoptera,Cerambycidae,Rutpela maculata,AACCT,G,,
Arthropoda,Coleoptera,Chrysomelidae,Chrysolina oricalcia,AACCT,G,,
Arthropoda,Coleoptera,Chrysomelidae,Cryptocephalus moraei,AACCT,G - but looks like subtelomeric repeats also detected.,"Prušáková, Daniela, et al. ""Telomeric DNA sequences in beetle taxa vary with species richness."" Scientific reports 11.1 (2021): 1-15.",
Arthropoda,Coleoptera,Chrysomelidae,Lochmaea crataegi,AACCT,G,,
Arthropoda,Coleoptera,Coccinellidae,Adalia bipunctata,AACCT,G,,
Arthropoda,Coleoptera,Coccinellidae,Coccinella septempunctata,AACCT,G,,
Arthropoda,Coleoptera,Coccinellidae,Halyzia sedecimguttata,AACCT,G,,
Arthropoda,Coleoptera,Coccinellidae,Harmonia axyridis,AACCT,G,,
Arthropoda,Coleoptera,Curculionidae,Polydrusus cervinus,AACAGACCCG,G. Looks good on plot. Curculionidae also have variable telomeric repeats.,"Prušáková, Daniela, et al. ""Telomeric DNA sequences in beetle taxa vary with species richness."" Scientific reports 11.1 (2021): 1-15.",
Arthropoda,Coleoptera,Elateridae,Agrypnus murinus,AACCT,G,,
Arthropoda,Coleoptera,Melyridae,Malachius bipustulatus,ACCTG,"?. ACCTG crops up in a few places in beetles, and Crabronidae weirdly.",,
Arthropoda,Coleoptera,Pyrochroidae,Pyrochroa serraticornis,ACCTG,?. Same as the Melyrid,,
Arthropoda,Coleoptera,Scarabaeidae,Melolontha melolontha,AACCC,G?. Plots look like this is good.,,
Arthropoda,Coleoptera,Silphidae,Phosphuga atrata,AACCT,G,,
Arthropoda,Coleoptera,Staphylinidae,Ocypus olens,AACCT,G,,
Arthropoda,Coleoptera,Staphylinidae,Philonthus cognatus,AACCT,G,,
Arthropoda,Coleoptera,Tenebrionidae,Lagria hirta,ACCTG,G. As for Malachius/Pyrochroa.,,
Arthropoda,Hemiptera,Acanthosomatidae,Acanthosoma haemorrhoidale,AAACCACCCT,G,,
Arthropoda,Hemiptera,Coreidae,Gonocerus acuteangulatus,AACCATCCCT,G,,
Arthropoda,Hemiptera,Pentatomidae,Aelia acuminata,AACCATCCCT,G,,
Arthropoda,Hymenoptera,Andrenidae,Andrena haemorrhoa,AACCCAGACCT,G,,
Arthropoda,Hymenoptera,Apidae,Bombus campestris,AACCCCAACCT,G,,
Arthropoda,Hymenoptera,Apidae,Bombus hortorum,AACCCCAACCT,G,,
Arthropoda,Hymenoptera,Apidae,Bombus hypnorum,AACCCCAACCT,G,,
Arthropoda,Hymenoptera,Apidae,Bombus pascuorum,AACCCGAACCT,G. Taken from PacBio reads,,
Arthropoda,Hymenoptera,Apidae,Bombus pratorum,AACCCCAACCT,G. Taken from PacBio reads,,
Arthropoda,Hymenoptera,Apidae,Bombus sylvestris,AACCCGAACCT,G,,
Arthropoda,Hymenoptera,Apidae,Bombus terrestris,AACCCCAACCT,G,,
Arthropoda,Hymenoptera,Apidae,Nomada fabriciana,AACCT,G,,
Arthropoda,Hymenoptera,Crabronidae,Cerceris rybyensis,AACCCAGACCT,G,,
Arthropoda,Hymenoptera,Crabronidae,Ectemnius lituratus,AACCCAGACCT,G,,
Arthropoda,Hymenoptera,Crabronidae,Mimumesa dahlbomi,AACCT,G,,
Arthropoda,Hymenoptera,Crabronidae,Nysson spinosus,AACCCAGACCT,G,,
Arthropoda,Hymenoptera,Crabronidae,Pemphredon lugubris,ACCCAG,G,,
Arthropoda,Hymenoptera,Halictidae,Lasioglossum lativentre,AACCCAGACCT,G,,
Arthropoda,Hymenoptera,Halictidae,Lasioglossum morio,AACCT,G,,
Arthropoda,Hymenoptera,Halictidae,Lasioglossum pauxillum,AACCT,G,,
Arthropoda,Hymenoptera,Halictidae,Seladonia tumulorum,AACCCT,G,,
Arthropoda,Hymenoptera,Halictidae,Sphecodes monilicornis,AACCCAGACCT,G,,
Arthropoda,Hymenoptera,Ichneumonidae,Amblyteles armatorius,ACGGCAGCG,G,,
Arthropoda,Hymenoptera,Ichneumonidae,Buathra laborator,AAATGTGGAGG,G,,
Arthropoda,Hymenoptera,Ichneumonidae,Clistopyga incitator,AAAGAACCT,G,,
Arthropoda,Hymenoptera,Ichneumonidae,Ichneumon xanthorius,AAAATTGTCCGTCC,G,,
Arthropoda,Hymenoptera,Ichneumonidae,Netelia dilatata,AAACCC,G?,,
Arthropoda,Hymenoptera,Ichneumonidae,Ophion luteus,AAACCC,G?,,
Arthropoda,Hymenoptera,Megachilidae,Megachile ligniseca,AACCT,G,,
Arthropoda,Hymenoptera,Megachilidae,Megachile willughbiella,AACCT,G,,
Arthropoda,Hymenoptera,Megachilidae,Stelis phaeoptera,AACCCT,G,,
Arthropoda,Hymenoptera,Melittidae,Macropis europaea,AACCC,G,,
Arthropoda,Hymenoptera,Pompilidae,Anoplius nigerrimus,AACCCAGACCT,G,,
Arthropoda,Hymenoptera,Tenthredinidae,Rhogogaster chlorosoma,AACCT,G,,
Arthropoda,Hymenoptera,Tenthredinidae,Tenthredo distinguenda,AACCT,G,,
Arthropoda,Hymenoptera,Tenthredinidae,Tenthredo notha,AACCT,G,,
Arthropoda,Hymenoptera,Tiphiidae,Tiphia femorata,AACCCT,G,,
Arthropoda,Hymenoptera,Vespidae,Ancistrocerus nigricornis,AACCCAGACCC,G,,
Arthropoda,Hymenoptera,Vespidae,Dolichovespula media,AACCCAGACGC,G,,
Arthropoda,Hymenoptera,Vespidae,Dolichovespula saxonica,AACCCAGACGC,G,,
Arthropoda,Hymenoptera,Vespidae,Dolichovespula sylvestris,AACCCAGACGC,G,,
Arthropoda,Hymenoptera,Vespidae,Vespa crabro,AACCCTGACGC,G,,
Arthropoda,Hymenoptera,Vespidae,Vespa velutina,AACCCTGACGC,G,,
Arthropoda,Hymenoptera,Vespidae,Vespula germanica,AACCCAGACGC,G,,
Arthropoda,Hymenoptera,Vespidae,Vespula vulgaris,AACCCAGACGC,G,,
Arthropoda,Lepidoptera,Nymphalidae,Aphantopus hyperantus,AACCT,G,,
Arthropoda,Lepidoptera,Erebidae,Eilema sororcula,AACCT,G,,
Arthropoda,Lepidoptera,Nymphalidae,Inachis io,AACCT,G,,
Arthropoda,Lepidoptera,Adelidae,Nematopogon swammerdamellus,AACCT,G,,
Arthropoda,Lepidoptera,Blastobasidae,Blastobasis adustella,AACCT,G,,
Arthropoda,Lepidoptera,Blastobasidae,Blastobasis lacticolella,AACCT,G,,
Arthropoda,Lepidoptera,Coleophoridae,Coleophora flavipennella,AACCT,G,,
Arthropoda,Lepidoptera,Cossidae,Zeuzera pyrina,AACCT,G,,
Arthropoda,Lepidoptera,Crambidae,Acentria ephemerella,AACCT,G,,
Arthropoda,Lepidoptera,Crambidae,Agriphila geniculea,AACCT,G,,
Arthropoda,Lepidoptera,Crambidae,Agriphila tristella,AACCT,G,,
Arthropoda,Lepidoptera,Crambidae,Calamotropha paludella,AACCT,G,,
Arthropoda,Lepidoptera,Crambidae,Chrysoteuchia culmella,AACCT,G,,
Arthropoda,Lepidoptera,Crambidae,Eudonia lacustrata,AACCT,G,,
Arthropoda,Lepidoptera,Crambidae,Nymphula nitidulata,AACCT,G,,
Arthropoda,Lepidoptera,Crambidae,Parapoynx stratiotata,AACCT,G,,
Arthropoda,Lepidoptera,Crambidae,Udea olivalis,AACCT,G,,
Arthropoda,Lepidoptera,Depressariidae,Agonopterix arenella,AACCT,G,,
Arthropoda,Lepidoptera,Depressariidae,Agonopterix subpropinquella,AACCT,G,,
Arthropoda,Lepidoptera,Depressariidae,Carcina quercana,AACCT,G,,
Arthropoda,Lepidoptera,Drepanidae,Drepana falcataria,AACCT,G,,
Arthropoda,Lepidoptera,Drepanidae,Habrosyne pyritoides,AACCT,G,,
Arthropoda,Lepidoptera,Drepanidae,Thyatira batis,AACCT,G,,
Arthropoda,Lepidoptera,Drepanidae,Watsonalla binaria,AACCT,G,,
Arthropoda,Lepidoptera,Erebidae,Catocala fraxini,AACCT,G,,
Arthropoda,Lepidoptera,Erebidae,Cybosia mesomella,AACCT,G,,
Arthropoda,Lepidoptera,Erebidae,Eilema depressum,AACCT,G,,
Arthropoda,Lepidoptera,Erebidae,Euclidia mi,AACCT,G,,
Arthropoda,Lepidoptera,Erebidae,Euproctis similis,AACCT,G,,
Arthropoda,Lepidoptera,Erebidae,Herminia tarsipennalis,AACCT,G,,
Arthropoda,Lepidoptera,Erebidae,Hypena proboscidalis,AACCT,G,,
Arthropoda,Lepidoptera,Erebidae,Laspeyria flexula,AACCT,G,,
Arthropoda,Lepidoptera,Erebidae,Lymantria monacha,AACCT,G,,
Arthropoda,Lepidoptera,Erebidae,Miltochrista miniata,AACCT,G,,
Arthropoda,Lepidoptera,Erebidae,Orgyia antiqua,AACCT,G,,
Arthropoda,Lepidoptera,Erebidae,Phragmatobia fuliginosa,AACCT,G,,
Arthropoda,Lepidoptera,Erebidae,Schrankia costaestrigalis,AACCT,G,,
Arthropoda,Lepidoptera,Erebidae,Spilarctia lutea,AACCT,G,,
Arthropoda,Lepidoptera,Erebidae,Spilosoma lubricipeda,AACCT,G,,
Arthropoda,Lepidoptera,Erebidae,Tyria jacobaeae,AACCT,G,,
Arthropoda,Lepidoptera,Gelechiidae,Anarsia innoxiella,AACCT,G,,
Arthropoda,Lepidoptera,Gelechiidae,Athrips mouffetella,AACCT,G,,
Arthropoda,Lepidoptera,Geometridae,Agriopis aurantiaria,AACCT,G,,
Arthropoda,Lepidoptera,Geometridae,Agriopis marginaria,AACCT,G,,
Arthropoda,Lepidoptera,Geometridae,Alsophila aescularia,AACCT,G,,
Arthropoda,Lepidoptera,Geometridae,Anticlea derivata,AACCT,G,,
Arthropoda,Lepidoptera,Geometridae,Apeira syringaria,AACCT,G,,
Arthropoda,Lepidoptera,Geometridae,Aplocera efformata,AACCT,G,,
Arthropoda,Lepidoptera,Geometridae,Apocheima hispidaria,AACCT,G,,
Arthropoda,Lepidoptera,Geometridae,Biston betularia,AACCT,G,,
Arthropoda,Lepidoptera,Geometridae,Campaea margaritaria,AACCT,G,,
Arthropoda,Lepidoptera,Geometridae,Chesias legatella,AACCT,G,,
Arthropoda,Lepidoptera,Geometridae,Chloroclysta siterata,AACCT,G,,
Arthropoda,Lepidoptera,Geometridae,Crocallis elinguaria,AACCT,G,,
Arthropoda,Lepidoptera,Geometridae,Ecliptopera silaceata,AACCT,G,,
Arthropoda,Lepidoptera,Geometridae,Electrophaes corylata,AACCT,G,,
Arthropoda,Lepidoptera,Geometridae,Ennomos fuscantarius,AACCT,G,,
Arthropoda,Lepidoptera,Geometridae,Ennomos quercinarius,AACCT,G,,
Arthropoda,Lepidoptera,Geometridae,Erannis defoliaria,AACCT,G,,
Arthropoda,Lepidoptera,Geometridae,Eulithis prunata,AACCT,G,,
Arthropoda,Lepidoptera,Geometridae,Eulithis testata,AACCT,G,,
Arthropoda,Lepidoptera,Geometridae,Eupithecia abbreviata,AACCT,G,,
Arthropoda,Lepidoptera,Geometridae,Eupithecia centaureata,AACCT,G,,
Arthropoda,Lepidoptera,Geometridae,Eupithecia dodoneata,AACCT,G,,
Arthropoda,Lepidoptera,Geometridae,Eupithecia exiguata,AACCT,G,,
Arthropoda,Lepidoptera,Geometridae,Eupithecia vulgata,AACCT,G,,
Arthropoda,Lepidoptera,Geometridae,Gymnoscelis rufifasciata,AACCT,G,,
Arthropoda,Lepidoptera,Geometridae,Hemithea aestivaria,AACCT,G,,
Arthropoda,Lepidoptera,Geometridae,Hydriomena furcata,AACCT,G,,
Arthropoda,Lepidoptera,Geometridae,Hylaea fasciaria,AACCT,G,,
Arthropoda,Lepidoptera,Geometridae,Idaea aversata,AACCT,G,,
Arthropoda,Lepidoptera,Geometridae,Ligdia adustata,AACCT,G,,
Arthropoda,Lepidoptera,Geometridae,Lobophora halterata,AACCT,G,,
Arthropoda,Lepidoptera,Geometridae,Lycia hirtaria,AACCT,G,,
Arthropoda,Lepidoptera,Geometridae,Macaria notata,AACCT,G,,
Arthropoda,Lepidoptera,Geometridae,Operophtera brumata,AACCT,G,,
Arthropoda,Lepidoptera,Geometridae,Opisthograptis luteolata,AACCT,G,,
Arthropoda,Lepidoptera,Geometridae,Peribatodes rhomboidaria,AACCT,G,,
Arthropoda,Lepidoptera,Geometridae,Philereme vetulata,AACCT,G,,
Arthropoda,Lepidoptera,Geometridae,Selenia dentaria,AACCT,G,,
Arthropoda,Lepidoptera,Geometridae,Thera britannica,AACCT,G,,
Arthropoda,Lepidoptera,Geometridae,Thera obeliscata,AACCT,G,,
Arthropoda,Lepidoptera,Geometridae,Xanthorhoe spadicearia,AACCT,G,,
Arthropoda,Lepidoptera,Hesperiidae,Carterocephalus palaemon,AACCT,G,,
Arthropoda,Lepidoptera,Hesperiidae,Erynnis tages,AACCT,G,,
Arthropoda,Lepidoptera,Hesperiidae,Hesperia comma,AACCT,G,,
Arthropoda,Lepidoptera,Hesperiidae,Ochlodes sylvanus,AACCT,G,,
Arthropoda,Lepidoptera,Hesperiidae,Pyrgus malvae,AACCT,G,,
Arthropoda,Lepidoptera,Hesperiidae,Thymelicus sylvestris,AACCT,G,,
Arthropoda,Lepidoptera,Incurvariidae,Incurvaria masculella,AACCT,G,,
Arthropoda,Lepidoptera,Limacodidae,Apoda limacodes,AACCT,G,,
Arthropoda,Lepidoptera,Lycaenidae,Aricia agestis,AACCT,G,,
Arthropoda,Lepidoptera,Lycaenidae,Aricia artaxerxes,AACCT,G,,
Arthropoda,Lepidoptera,Lycaenidae,Celastrina argiolus,AACCT,G,,
Arthropoda,Lepidoptera,Lycaenidae,Cyaniris semiargus,AACCT,G,,
Arthropoda,Lepidoptera,Lycaenidae,Glaucopsyche alexis,AACCT,G,,
Arthropoda,Lepidoptera,Lycaenidae,Lycaena phlaeas,AACCT,G,,
Arthropoda,Lepidoptera,Lycaenidae,Lysandra bellargus,AACCT,G,,
Arthropoda,Lepidoptera,Lycaenidae,Lysandra coridon,AACCT,G,,
Arthropoda,Lepidoptera,Lycaenidae,Plebejus argus,AACCT,G,,
Arthropoda,Lepidoptera,Lycaenidae,Polyommatus icarus,AACCT,G,,
Arthropoda,Lepidoptera,Micropterigidae,Micropterix aruncella,AACCT,G,,
Arthropoda,Lepidoptera,Noctuidae,Abrostola tripartita,AACCT,G,,
Arthropoda,Lepidoptera,Noctuidae,Abrostola triplasia,AACCT,G,,
Arthropoda,Lepidoptera,Noctuidae,Acronicta aceris,AACCT,G,,
Arthropoda,Lepidoptera,Noctuidae,Acronicta leporina,AACCT,G,,
Arthropoda,Lepidoptera,Noctuidae,Acronicta psi,AACCT,G,,
Arthropoda,Lepidoptera,Noctuidae,Agrochola circellaris,AACCT,G,,
Arthropoda,Lepidoptera,Noctuidae,Agrochola lota,AACCT,G,,
Arthropoda,Lepidoptera,Noctuidae,Agrochola macilenta,AACCT,G,,
Arthropoda,Lepidoptera,Noctuidae,Agrotis puta,AACCT,G,,
Arthropoda,Lepidoptera,Noctuidae,Allophyes oxyacanthae,AACCT,G,,
Arthropoda,Lepidoptera,Noctuidae,Amphipoea lucens,AACCT,G,,
Arthropoda,Lepidoptera,Noctuidae,Amphipoea oculea,AACCT,G,,
Arthropoda,Lepidoptera,Noctuidae,Amphipyra berbera,AACCT,G,,
Arthropoda,Lepidoptera,Noctuidae,Amphipyra tragopoginis,AACCT,G,,
Arthropoda,Lepidoptera,Noctuidae,Anorthoa munda,AACCT,G,,
Arthropoda,Lepidoptera,Noctuidae,Antitype chi,AACCT,G,,
Arthropoda,Lepidoptera,Noctuidae,Apamea epomidion,AACCT,G,,
Arthropoda,Lepidoptera,Noctuidae,Apamea monoglypha,AACCT,G,,
Arthropoda,Lepidoptera,Noctuidae,Apamea sordens,AACCT,G,,
Arthropoda,Lepidoptera,Noctuidae,Aporophyla lueneburgensis,AACCT,G,,
Arthropoda,Lepidoptera,Noctuidae,Aporophyla nigra,AACCT,G,,
Arthropoda,Lepidoptera,Noctuidae,Atethmia centrago,AACCT,G,,
Arthropoda,Lepidoptera,Noctuidae,Autographa gamma,AACCT,G,,
Arthropoda,Lepidoptera,Noctuidae,Autographa pulchrina,AACCT,G,,
Arthropoda,Lepidoptera,Noctuidae,Brachylomia viminalis,AACCT,G,,
Arthropoda,Lepidoptera,Noctuidae,Caradrina clavipalpis,AACCT,G,,
Arthropoda,Lepidoptera,Noctuidae,Caradrina kadenii,AACCT,G,,
Arthropoda,Lepidoptera,Noctuidae,Charanyca ferruginea,AACCT,G,,
Arthropoda,Lepidoptera,Noctuidae,Cosmia pyralina,AACCT,G,,
Arthropoda,Lepidoptera,Noctuidae,Cosmia trapezina,AACCT,G,,
Arthropoda,Lepidoptera,Noctuidae,Craniophora ligustri,AACCT,G,,
Arthropoda,Lepidoptera,Noctuidae,Diachrysia chrysitis,AACCT,G,,
Arthropoda,Lepidoptera,Noctuidae,Diarsia rubi,AACCT,G,,
Arthropoda,Lepidoptera,Noctuidae,Diloba caeruleocephala,AACCT,G,,
Arthropoda,Lepidoptera,Noctuidae,Dryobotodes eremita,AACCT,G,,
Arthropoda,Lepidoptera,Noctuidae,Eugnorisma glareosa,AACCT,G,,
Arthropoda,Lepidoptera,Noctuidae,Euplexia lucipara,AACCT,G,,
Arthropoda,Lepidoptera,Noctuidae,Eupsilia transversa,AACCT,G,,
Arthropoda,Lepidoptera,Noctuidae,Fissipunctia ypsillon,AACCT,G,,
Arthropoda,Lepidoptera,Noctuidae,Griposia aprilina,AACCT,G,,
Arthropoda,Lepidoptera,Noctuidae,Hecatera dysodea,AACCT,G,,
Arthropoda,Lepidoptera,Noctuidae,Hydraecia micacea,AACCT,G,,
Arthropoda,Lepidoptera,Noctuidae,Lacanobia wlatinum,AACCT,G,,
Arthropoda,Lepidoptera,Noctuidae,Lithophane semibrunnea,AACCT,G,,
Arthropoda,Lepidoptera,Noctuidae,Lithophane socia,AACCT,G,,
Arthropoda,Lepidoptera,Noctuidae,Luperina testacea,AACCT,G,,
Arthropoda,Lepidoptera,Noctuidae,Mamestra brassicae,AACCT,G,,
Arthropoda,Lepidoptera,Noctuidae,Melanchra persicariae,AACCT,G,,
Arthropoda,Lepidoptera,Noctuidae,Mesoligia furuncula,AACCT,G,,
Arthropoda,Lepidoptera,Noctuidae,Mythimna albipuncta,AACCT,G,,
Arthropoda,Lepidoptera,Noctuidae,Mythimna ferrago,AACCT,G,,
Arthropoda,Lepidoptera,Noctuidae,Mythimna impura,AACCT,G,,
Arthropoda,Lepidoptera,Noctuidae,Noctua fimbriata,AACCT,G,,
Arthropoda,Lepidoptera,Noctuidae,Noctua janthe,AACCT,G,,
Arthropoda,Lepidoptera,Noctuidae,Noctua pronuba,AACCT,G,,
Arthropoda,Lepidoptera,Noctuidae,Ochropleura plecta,AACCT,G,,
Arthropoda,Lepidoptera,Noctuidae,Omphaloscelis lunosa,AACCT,G,,
Arthropoda,Lepidoptera,Noctuidae,Orthosia gracilis,AACCT,G,,
Arthropoda,Lepidoptera,Noctuidae,Phlogophora meticulosa,AACCT,G,,
Arthropoda,Lepidoptera,Noctuidae,Protodeltote pygarga,AACCT,G,,
Arthropoda,Lepidoptera,Noctuidae,Shargacucullia verbasci,AACCT,G,,
Arthropoda,Lepidoptera,Noctuidae,Tholera decimalis,AACCT,G,,
Arthropoda,Lepidoptera,Noctuidae,Trisateles emortualis,AACCT,G,,
Arthropoda,Lepidoptera,Noctuidae,Xestia c-nigrum,AACCT,G,,
Arthropoda,Lepidoptera,Noctuidae,Xestia sexstrigata,AACCT,G,,
Arthropoda,Lepidoptera,Noctuidae,Xestia xanthographa,AACCT,G,,
Arthropoda,Lepidoptera,Noctuidae,Xylocampa areola,AACCT,G,,
Arthropoda,Lepidoptera,Nolidae,Meganola albula,AACCT,G,,
Arthropoda,Lepidoptera,Nolidae,Nycteola revayana,AACCT,G,,
Arthropoda,Lepidoptera,Notodontidae,Clostera curtula,AACCT,G,,
Arthropoda,Lepidoptera,Notodontidae,Furcula furcula,AACCT,G,,
Arthropoda,Lepidoptera,Notodontidae,Notodonta dromedarius,AACCT,G,,
Arthropoda,Lepidoptera,Notodontidae,Notodonta ziczac,AACCT,G,,
Arthropoda,Lepidoptera,Notodontidae,Phalera bucephala,AACCT,G,,
Arthropoda,Lepidoptera,Notodontidae,Pheosia gnoma,AACCT,G,,
Arthropoda,Lepidoptera,Notodontidae,Pheosia tremula,AACCT,G,,
Arthropoda,Lepidoptera,Notodontidae,Ptilodon capucinus,AACCT,G,,
Arthropoda,Lepidoptera,Nymphalidae,Boloria selene,AACCT,G,,
Arthropoda,Lepidoptera,Nymphalidae,Erebia aethiops,AACCT,G,,
Arthropoda,Lepidoptera,Nymphalidae,Erebia ligea,AACCT,G,,
Arthropoda,Lepidoptera,Nymphalidae,Fabriciana adippe,AACCT,G,,
Arthropoda,Lepidoptera,Nymphalidae,Hipparchia semele,AACCT,G,,
Arthropoda,Lepidoptera,Nymphalidae,Lasiommata megera,AACCT,G,,
Arthropoda,Lepidoptera,Nymphalidae,Limenitis camilla,AACCT,G,,
Arthropoda,Lepidoptera,Nymphalidae,Maniola jurtina,AACCT,G,,
Arthropoda,Lepidoptera,Nymphalidae,Melanargia galathea,AACCT,G,,
Arthropoda,Lepidoptera,Nymphalidae,Melitaea cinxia,AACCT,G,,
Arthropoda,Lepidoptera,Nymphalidae,Mellicta athalia,AACCT,G,,
Arthropoda,Lepidoptera,Nymphalidae,Nymphalis polychloros,AACCT,G,,
Arthropoda,Lepidoptera,Nymphalidae,Nymphalis urticae,AACCT,G,,
Arthropoda,Lepidoptera,Nymphalidae,Pararge aegeria,AACCT,G,,
Arthropoda,Lepidoptera,Nymphalidae,Vanessa atalanta,AACCT,G,,
Arthropoda,Lepidoptera,Nymphalidae,Vanessa cardui,AACCT,G,,
Arthropoda,Lepidoptera,Oecophoridae,Esperia sulphurella,AACCT,G,,
Arthropoda,Lepidoptera,Oecophoridae,Hofmannophila pseudospretella,AACCT,G,,
Arthropoda,Lepidoptera,Pieridae,Anthocharis cardamines,AACCT,G,,
Arthropoda,Lepidoptera,Pieridae,Aporia crataegi,AACCT,G,,
Arthropoda,Lepidoptera,Pieridae,Colias croceus,AACCT,G,,
Arthropoda,Lepidoptera,Pieridae,Leptidea sinapis,AACCT,G,,
Arthropoda,Lepidoptera,Pieridae,Pieris brassicae,AACCT,G,,
Arthropoda,Lepidoptera,Pieridae,Pieris napi,AACCT,G,,
Arthropoda,Lepidoptera,Pieridae,Pieris rapae,AACCT,G,,
Arthropoda,Lepidoptera,Pterophoridae,Emmelina monodactyla,AACCT,G,,
Arthropoda,Lepidoptera,Pterophoridae,Marasmarcha lunaedactyla,AACCT,G,,
Arthropoda,Lepidoptera,Pterophoridae,Stenoptilia bipunctidactyla,AACCT,G,,
Arthropoda,Lepidoptera,Pyralidae,Acrobasis suavella,AACCT,G,,
Arthropoda,Lepidoptera,Pyralidae,Apomyelois bistriatella,AACCT,G,,
Arthropoda,Lepidoptera,Pyralidae,Elegia similella,AACCT,G,,
Arthropoda,Lepidoptera,Pyralidae,Endotricha flammealis,AACCT,G,,
Arthropoda,Lepidoptera,Pyralidae,Euzophera pinguis,AACCT,G,,
Arthropoda,Lepidoptera,Pyralidae,Hypsopygia costalis,AACCT,G,,
Arthropoda,Lepidoptera,Pyralidae,Pyralis farinalis,AACCT,G,,
Arthropoda,Lepidoptera,Saturniidae,Saturnia pavonia,AACCT,G,,
Arthropoda,Lepidoptera,Sesiidae,Bembecia ichneumoniformis,AACCT,G,,
Arthropoda,Lepidoptera,Sesiidae,Sesia apiformis,AACCT,G,,
Arthropoda,Lepidoptera,Sesiidae,Sesia bembeciformis,AACCT,G,,
Arthropoda,Lepidoptera,Sesiidae,Synanthedon andrenaeformis,AACCT,G,,
Arthropoda,Lepidoptera,Sesiidae,Synanthedon formicaeformis,AACCT,G,,
Arthropoda,Lepidoptera,Sesiidae,Synanthedon myopaeformis,AACCT,G,,
Arthropoda,Lepidoptera,Sesiidae,Synanthedon vespiformis,AACCT,G,,
Arthropoda,Lepidoptera,Sphingidae,Deilephila porcellus,AACCT,G,,
Arthropoda,Lepidoptera,Sphingidae,Hemaris fuciformis,AACCT,G,,
Arthropoda,Lepidoptera,Sphingidae,Laothoe populi,AACCT,G,,
Arthropoda,Lepidoptera,Sphingidae,Mimas tiliae,AACCT,G,,
Arthropoda,Lepidoptera,Sphingidae,Sphinx pinastri,AACCT,G,,
Arthropoda,Lepidoptera,Tineidae,Monopis laevigella,AACCT,G,,
Arthropoda,Lepidoptera,Tineidae,Tinea semifulvella,AACCT,G,,
Arthropoda,Lepidoptera,Tineidae,Tinea trinotella,AACCT,G,,
Arthropoda,Lepidoptera,Tortricidae,Acleris emargana,AACCT,G,,
Arthropoda,Lepidoptera,Tortricidae,Acleris literana,AACCT,G,,
Arthropoda,Lepidoptera,Tortricidae,Acleris sparsana,AACCT,G,,
Arthropoda,Lepidoptera,Tortricidae,Apotomis betuletana,AACCT,G,,
Arthropoda,Lepidoptera,Tortricidae,Apotomis turbidana,AACCT,G,,
Arthropoda,Lepidoptera,Tortricidae,Archips xylosteana,AACCT,G,,
Arthropoda,Lepidoptera,Tortricidae,Cydia splendana,AACCT,G,,
Arthropoda,Lepidoptera,Tortricidae,Cydia strobilella,AACCT,G,,
Arthropoda,Lepidoptera,Tortricidae,Epinotia bilunana,AACCT,G,,
Arthropoda,Lepidoptera,Tortricidae,Epinotia demarniana,AACCT,G,,
Arthropoda,Lepidoptera,Tortricidae,Epinotia nisella,AACCT,G,,
Arthropoda,Lepidoptera,Tortricidae,Epinotia ramella,AACCT,G,,
Arthropoda,Lepidoptera,Tortricidae,Eudemis profundana,AACCT,G,,
Arthropoda,Lepidoptera,Tortricidae,Hedya salicella,AACCT,G,,
Arthropoda,Lepidoptera,Tortricidae,Notocelia uddmanniana,AACCT,G,,
Arthropoda,Lepidoptera,Tortricidae,Pammene aurita,AACCT,G,,
Arthropoda,Lepidoptera,Tortricidae,Pammene fasciana,AACCT,G,,
Arthropoda,Lepidoptera,Tortricidae,Pandemis cinnamomeana,AACCT,G,,
Arthropoda,Lepidoptera,Yponomeutidae,Yponomeuta cagnagella,AACCT,G,,
Arthropoda,Lepidoptera,Yponomeutidae,Yponomeuta padella,AACCT,G,,
Arthropoda,Lepidoptera,Yponomeutidae,Yponomeuta plumbellus,AACCT,G,,
Arthropoda,Lepidoptera,Yponomeutidae,Yponomeuta rorrellus,AACCT,G,,
Arthropoda,Lepidoptera,Yponomeutidae,Yponomeuta sedellus,AACCT,G,,
Arthropoda,Lepidoptera,Ypsolophidae,Ypsolopha scabrella,AACCT,G,,
Arthropoda,Lepidoptera,Ypsolophidae,Ypsolopha sequella,AACCT,G,,
Arthropoda,Lepidoptera,Zygaenidae,Zygaena filipendulae,AACCT,G,,
Arthropoda,Lepidoptera,Geometridae,Eupithecia insigniata,AACCT,G,,
Arthropoda,Lepidoptera,Tortricidae,Archips crataeganus,AACCT,G,,
Arthropoda,Lepidoptera,Aphididae,Drepanosiphum platanoidis,AACCT,G,,
Arthropoda,Lepidoptera,Notodontidae,Drymonia ruficornis,AACCT,G,,
Arthropoda,Lepidoptera,Geometridae,Gandaritis pyraliata,AACCT,G,,
Arthropoda,Lepidoptera,Noctuidae,Tiliacea aurago,AACCT,G,,
Arthropoda,Lepidoptera,Tortricidae,Tortricodes alternella,AACCT,G,,
Arthropoda,Odonata,Libellulidae,Sympetrum striolatum,AACCC,G,,
Arthropoda,Odonata,Platycnemididae,Platycnemis pennipes,AACCC,G,,
Arthropoda,Orthoptera,Tettigoniidae,Meconema thalassinum,AACCT,G,,
Arthropoda,Plecoptera,Leuctridae,Leuctra nigra,AACCT,G,,
Arthropoda,Plecoptera,Nemouridae,Nemoura dubitans,AACCT,G,,
Arthropoda,Plecoptera,Nemouridae,Nemurella pictetii,AACCT,G,,
Arthropoda,Plecoptera,Nemouridae,Protonemura montana,AACCT,G,,
Arthropoda,Plecoptera,Perlodidae,Isoperla grammatica,AACCT,G,,
Arthropoda,Symphypleona,Sminthuridae,Allacma fusca,AACCT,G,,
Arthropoda,Trichoptera,Leptoceridae,Athripsodes cinereus,AACCT,G,,
Arthropoda,Trichoptera,Limnephilidae,Glyphotaelius pellucidus,AACCT,G,,
Arthropoda,Trichoptera,Limnephilidae,Limnephilus lunatus,AACCT,G,,
Arthropoda,Trichoptera,Limnephilidae,Limnephilus marmoratus,AACCT,G,,
Arthropoda,Trichoptera,Limnephilidae,Limnephilus rhombicus,AACCT,G,,
Arthropoda,,Sacculinidae,Sacculina carcini,AACCT,G,,
Bryozoa,Cheilostomatida,Bugulidae,Bugulina stolonifera,AAACCCC,G,,
Bryozoa,Cheilostomatida,Membraniporidae,Membranipora membranacea,AAACCCC,G,,
Chlorophyta,Chlamydomonadales,Dunaliellaceae,Dunaliella primolecta,AACCCT,G,,
Chlorophyta,,Pycnococcaceae,Pycnococcus provasolii,AACCCT,G,,
Chordata,Accipitriformes,Accipitridae,Accipiter gentilis,AACCCT,G,,
Chordata,Anura,Bufonidae,Bufo bufo,AACCCT,G,,
Chordata,Aplousobranchia,Polyclinidae,Aplidium turbinatum,AACCCT,G,,
Chordata,Caprimulgiformes,Caprimulgidae,Caprimulgus europaeus,AACCCT,G,,
Chordata,Carangiformes,Carangidae,Trachurus trachurus,AACCCT,G,,
Chordata,Carcharhiniformes,Scyliorhinidae,Scyliorhinus canicula,AACCCT,G,,
Chordata,Carnivora,Canidae,Canis lupus,AACCCT,G,,
Chordata,Carnivora,Mustelidae,Lutra lutra,AACCCT,G,,
Chordata,Chiroptera,Vespertilionidae,Pipistrellus pipistrellus,AACCCT,G,,
Chordata,Cypriniformes,Cyprinidae,Barbus barbus,AACCCT,G,,
Chordata,Cypriniformes,Nemacheilidae,Barbatula barbatula,AACCCT,G,,
Chordata,Labriformes,Labridae,Symphodus melops,AACCCT,G,,
Chordata,Perciformes,Cottidae,Taurulus bubalis,AACCCT,G,,
Chordata,Perciformes,Pholidae,Pholis gunnellus,AACCCT,G,,
Chordata,Phlebobranchia,Ascidiidae,Ascidia mentula,AACCCT,G,,
Chordata,Pleuronectiformes,Pleuronectidae,Pleuronectes platessa,AACCCT,G,,
Chordata,Rodentia,Cricetidae,Arvicola amphibius,AACCCT,G,,
Chordata,Rodentia,Muridae,Rattus norvegicus,AACCCT,G,,
Chordata,Rodentia,Sciuridae,Sciurus carolinensis,AACCCT,G,,
Chordata,Rodentia,Sciuridae,Sciurus vulgaris,AACCCT,G,,
Chordata,Salmoniformes,Salmonidae,Salmo trutta,AACCCT,G,,
Chordata,Syngnathiformes,Syngnathidae,Syngnathus acus,AACCCT,G,,
Cnidaria,Actiniaria,Diadumenidae,Diadumene lineata,AACCCT,G,,
Echinodermata,Forcipulatida,Asteriidae,Asterias rubens,AACCCT,G,,
Echinodermata,Forcipulatida,Asteriidae,Marthasterias glacialis,AACCCT,G,,
Heterolobosea,,Vahlkampfiidae,Tetramitus jugosus,AAACCC,G,,
Mollusca,Cardiida,Psammobiidae,Gari tellinella,AACCCT,G,,
Mollusca,Pectinida,Pectinidae,Pecten maximus,AACCCT,G,,
Mollusca,Trochida,Trochidae,Gibbula magus,AACCCT,G,,
Mollusca,Trochida,Trochidae,Phorcus lineatus,AACCCT,G,,
Mollusca,Trochida,Trochidae,Steromphala cineraria,AACCCT,G,,
Mollusca,Venerida,Mactridae,Spisula solida,AACCCT,G,,
Mollusca,,Patellidae,Patella pellucida,AACCCT,G,,
Mollusca,,Patellidae,Patella vulgata,AACCCT,G,,
Nemertea,Heteronemertea,Lineidae,Lineus longissimus,AACCCT,G,,
Streptophyta,Apiales,Araliaceae,Hedera helix,AAACCCT,G,,
Streptophyta,Asterales,Asteraceae,Pulicaria dysenterica,AAACCCT,G,,
Streptophyta,Asterales,Asteraceae,Senecio squalidus,AAACCCT,G,,
Streptophyta,Buxales,Buxaceae,Buxus sempervirens,AAACCCT,G,,
Streptophyta,Caryophyllales,Polygonaceae,Polygonum aviculare,AAACCCT,G,,
Streptophyta,Fabales,Fabaceae,Medicago arabica,AAACCCT,G,,
Streptophyta,Fagales,Fagaceae,Quercus robur,AAACCCT,G,,
Streptophyta,Hypnales,Hylocomiaceae,Rhytidiadelphus loreus,AAACCCT,G,,
Streptophyta,Hypnales,Thuidiaceae,Thuidium tamariscinum,AAACCCT,G,,
Streptophyta,Lamiales,Lamiaceae,Ballota nigra,AAACCCT,G,,
Streptophyta,Lamiales,Lamiaceae,Scutellaria galericulata,AAACCCT,G,,
Streptophyta,Lamiales,Plantaginaceae,Misopates orontium,AAACCCT,G,,
Streptophyta,Malpighiales,Euphorbiaceae,Mercurialis annua,AAACCCT,G,,
Streptophyta,Myrtales,Onagraceae,Chamaenerion angustifolium,AAACCCT,G,,
Streptophyta,Poales,Juncaceae,Juncus effusus,AAACCCT,G,,
Streptophyta,Poales,Juncaceae,Luzula sylvatica,AAACCCT,G,,
Streptophyta,Rosales,Rosaceae,Geum urbanum,AAACCCT,G,,
Streptophyta,Rosales,Rosaceae,Malus sylvestris,AAACCCT,G,,
Streptophyta,Rosales,Rosaceae,Potentilla anserina,AAACCCT,G,,
Streptophyta,Sapindales,Simaroubaceae,Ailanthus altissima,AAACCCT,G,,
Streptophyta,Solanales,Solanaceae,Solanum dulcamara,AACCCTG,G,,